"","SampleID","PC1","PC2","PC3","PlateID","R1","R2","SAMPLING_PI","SAMPLING_bottle","SAMPLING_cruise","SAMPLING_institute","SAMPLING_platform","SAMPLING_platform_type","SAMPLING_rdepth","SAMPLING_station","SAMPLING_station_number","chlorophyll","decimalLatitude","decimalLongitude","density","depth","env_broad_scale","env_local_scale","env_medium","eventDate","fluor","geo_loc_name","library","order","original_name","pressure","primer_sequence_forward","primer_sequence_reverse","project_name","replicate","salinity","samp_filter_ext_type","samp_filter_size_ext","samp_store_temp","sample_type","seqID","seq_meth","sequencing_facility","tag_sequence","target_gene","temp","PlateID.1","R1.1","R2.1","SAMPLING_PI.1","SAMPLING_institute.1","env_broad_scale.1","env_local_scale.1","env_medium.1","geo_loc_name.1","library.1","order.1","original_name.1","primer_sequence_forward.1","primer_sequence_reverse.1","samp_filter_ext_type.1","samp_filter_size_ext.1","samp_store_temp.1","sample_type.1","seqID.1","seq_meth.1","sequencing_facility.1","tag_sequence.1","target_gene.1"
"1","CN18Sc37_12_Rep_Stdy5_AO",-0.0471785194815982,0.0543688576351621,0.358495738212044,"AO","CN18Sc37_12_Rep_Stdy5_S90_L001_R1_001.fastq.gz","CN18Sc37_12_Rep_Stdy5_S90_L001_R2_001.fastq.gz","Francisco Chavez",12,"CN18S","MBARI","Western Flyer","ship",1.521,"TS",37,8.1461,36.9815,-122.5135,25.328,0,"marine biome  (ENVO:00000447)","coastal water (ENVO:00001250)","waterborne particulate matter (ENVO:01000436)",2018-06-09 23:55:00,0.3458,"USA:California:Monterey Bay","AO9",9,"CN18Sc37_12_Rep_Stdy5",1.532,"GTACACACCGCCCGTC","TGATCCTTCTGCAGGTTCACCTAC","CANON","_Rep",33.5385,"Poretics","0.22um",-80,"environmental","CN18Sc37_12_Rep_Stdy5_AO","NGS Illumina Miseq","MSU","CTACTATA",18,12.6583,NA,NA,NA,NA,NA,NA,NA,NA,NA,NA,NA,NA,NA,NA,NA,NA,NA,NA,NA,NA,NA,NA,NA
"2","CN18Sc37_12_Rep_Stdy10_AO",-0.0416033979901236,0.0152587324962852,0.247283589384255,"AO","CN18Sc37_12_Rep_Stdy10_S61_L001_R1_001.fastq.gz","CN18Sc37_12_Rep_Stdy10_S61_L001_R2_001.fastq.gz","Francisco Chavez",12,"CN18S","MBARI","Western Flyer","ship",1.521,"TS",37,8.1461,36.9815,-122.5135,25.328,0,"marine biome  (ENVO:00000447)","coastal water (ENVO:00001250)","waterborne particulate matter (ENVO:01000436)",2018-06-09 23:55:00,0.3458,"USA:California:Monterey Bay","AO10",10,"CN18Sc37_12_Rep_Stdy10",1.532,"GTACACACCGCCCGTC","TGATCCTTCTGCAGGTTCACCTAC","CANON","_Rep",33.5385,"Poretics","0.22um",-80,"environmental","CN18Sc37_12_Rep_Stdy10_AO","NGS Illumina Miseq","MSU","CGTTACTA",18,12.6583,NA,NA,NA,NA,NA,NA,NA,NA,NA,NA,NA,NA,NA,NA,NA,NA,NA,NA,NA,NA,NA,NA,NA
"3","CN18Sc37_12_Rep_Stdy14_AO",-0.0212619546597394,0.0161661537419974,0.338386036909517,"AO","CN18Sc37_12_Rep_Stdy14_S54_L001_R1_001.fastq.gz","CN18Sc37_12_Rep_Stdy14_S54_L001_R2_001.fastq.gz","Francisco Chavez",12,"CN18S","MBARI","Western Flyer","ship",1.521,"TS",37,8.1461,36.9815,-122.5135,25.328,0,"marine biome  (ENVO:00000447)","coastal water (ENVO:00001250)","waterborne particulate matter (ENVO:01000436)",2018-06-09 23:55:00,0.3458,"USA:California:Monterey Bay","AO11",11,"CN18Sc37_12_Rep_Stdy14",1.532,"GTACACACCGCCCGTC","TGATCCTTCTGCAGGTTCACCTAC","CANON","_Rep",33.5385,"Poretics","0.22um",-80,"environmental","CN18Sc37_12_Rep_Stdy14_AO","NGS Illumina Miseq","MSU","AGAGTCAC",18,12.6583,NA,NA,NA,NA,NA,NA,NA,NA,NA,NA,NA,NA,NA,NA,NA,NA,NA,NA,NA,NA,NA,NA,NA
"4","CN18Sc37_12_Rep_Stdy18_AO",-0.0174783740811612,0.0176851678620778,0.338679633298025,"AO","CN18Sc37_12_Rep_Stdy18_S30_L001_R1_001.fastq.gz","CN18Sc37_12_Rep_Stdy18_S30_L001_R2_001.fastq.gz","Francisco Chavez",12,"CN18S","MBARI","Western Flyer","ship",1.521,"TS",37,8.1461,36.9815,-122.5135,25.328,0,"marine biome  (ENVO:00000447)","coastal water (ENVO:00001250)","waterborne particulate matter (ENVO:01000436)",2018-06-09 23:55:00,0.3458,"USA:California:Monterey Bay","AO12",12,"CN18Sc37_12_Rep_Stdy18",1.532,"GTACACACCGCCCGTC","TGATCCTTCTGCAGGTTCACCTAC","CANON","_Rep",33.5385,"Poretics","0.22um",-80,"environmental","CN18Sc37_12_Rep_Stdy18_AO","NGS Illumina Miseq","MSU","TACGAGAC",18,12.6583,NA,NA,NA,NA,NA,NA,NA,NA,NA,NA,NA,NA,NA,NA,NA,NA,NA,NA,NA,NA,NA,NA,NA
"5","CN18Sc37_12_Rep_Stdy22_AO",-0.0328289474351665,0.0168960028971884,0.366556941098105,"AO","CN18Sc37_12_Rep_Stdy22_S11_L001_R1_001.fastq.gz","CN18Sc37_12_Rep_Stdy22_S11_L001_R2_001.fastq.gz","Francisco Chavez",12,"CN18S","MBARI","Western Flyer","ship",1.521,"TS",37,8.1461,36.9815,-122.5135,25.328,0,"marine biome  (ENVO:00000447)","coastal water (ENVO:00001250)","waterborne particulate matter (ENVO:01000436)",2018-06-09 23:55:00,0.3458,"USA:California:Monterey Bay","AO13",13,"CN18Sc37_12_Rep_Stdy22",1.532,"GTACACACCGCCCGTC","TGATCCTTCTGCAGGTTCACCTAC","CANON","_Rep",33.5385,"Poretics","0.22um",-80,"environmental","CN18Sc37_12_Rep_Stdy22_AO","NGS Illumina Miseq","MSU","ACGTCTCG",18,12.6583,NA,NA,NA,NA,NA,NA,NA,NA,NA,NA,NA,NA,NA,NA,NA,NA,NA,NA,NA,NA,NA,NA,NA
"6","NOAA11_AO",-0.11722297893743,0.106085796562714,0.212648189751641,"AO","NOAA11_S83_L001_R1_001.fastq.gz","NOAA11_S83_L001_R2_001.fastq.gz","Francisco Chavez",NA,NA,"MBARI",NA,NA,NA,NA,NA,NA,NA,NA,NA,NA,"marine biome  (ENVO:00000447)","coastal water (ENVO:00001250)","waterborne particulate matter (ENVO:01000436)",NA,NA,"USA:California:Monterey Bay","AO14",14,"NOAA11",NA,"GTACACACCGCCCGTC","TGATCCTTCTGCAGGTTCACCTAC",NA,NA,NA,"Poretics","0.22um",-80,"environmental","NOAA11_AO","NGS Illumina Miseq","MSU","TCGACGAG",18,NA,NA,NA,NA,NA,NA,NA,NA,NA,NA,NA,NA,NA,NA,NA,NA,NA,NA,NA,NA,NA,NA,NA,NA
"7","NOAA14_AO",-0.111643969791907,0.108283485855,0.200921595063102,"AO","NOAA14_S38_L001_R1_001.fastq.gz","NOAA14_S38_L001_R2_001.fastq.gz","Francisco Chavez",NA,NA,"MBARI",NA,NA,NA,NA,NA,NA,NA,NA,NA,NA,"marine biome  (ENVO:00000447)","coastal water (ENVO:00001250)","waterborne particulate matter (ENVO:01000436)",NA,NA,"USA:California:Monterey Bay","AO15",15,"NOAA14",NA,"GTACACACCGCCCGTC","TGATCCTTCTGCAGGTTCACCTAC",NA,NA,NA,"Poretics","0.22um",-80,"environmental","NOAA14_AO","NGS Illumina Miseq","MSU","GATCGTGT",18,NA,NA,NA,NA,NA,NA,NA,NA,NA,NA,NA,NA,NA,NA,NA,NA,NA,NA,NA,NA,NA,NA,NA,NA
"8","NOAA20_AO",-0.121798220941607,0.136553417244516,0.16304353915671,"AO","NOAA20_S51_L001_R1_001.fastq.gz","NOAA20_S51_L001_R2_001.fastq.gz","Francisco Chavez",NA,NA,"MBARI",NA,NA,NA,NA,NA,NA,NA,NA,NA,NA,"marine biome  (ENVO:00000447)","coastal water (ENVO:00001250)","waterborne particulate matter (ENVO:01000436)",NA,NA,"USA:California:Monterey Bay","AO16",16,"NOAA20",NA,"GTACACACCGCCCGTC","TGATCCTTCTGCAGGTTCACCTAC",NA,NA,NA,"Poretics","0.22um",-80,"environmental","NOAA20_AO","NGS Illumina Miseq","MSU","GTCAGATA",18,NA,NA,NA,NA,NA,NA,NA,NA,NA,NA,NA,NA,NA,NA,NA,NA,NA,NA,NA,NA,NA,NA,NA,NA
"9","AWIMOCKBLOOM7_AO",0.250744679015375,-0.0327181019468767,-0.0449913426712835,"AO","AWIMOCKBLOOM7_S52_L001_R1_001.fastq.gz","AWIMOCKBLOOM7_S52_L001_R2_001.fastq.gz","Francisco Chavez",NA,NA,"MBARI",NA,NA,NA,NA,NA,NA,NA,NA,NA,NA,"marine biome  (ENVO:00000447)","coastal water (ENVO:00001250)","waterborne particulate matter (ENVO:01000436)",NA,NA,"USA:California:Monterey Bay","AO22",22,"AWIMOCKBLOOM7",NA,"GTACACACCGCCCGTC","TGATCCTTCTGCAGGTTCACCTAC",NA,NA,NA,"Poretics","0.22um",-80,"environmental","AWIMOCKBLOOM7_AO","NGS Illumina Miseq","MSU","TCGACGAG",18,NA,NA,NA,NA,NA,NA,NA,NA,NA,NA,NA,NA,NA,NA,NA,NA,NA,NA,NA,NA,NA,NA,NA,NA
"10","AWIMOCKBLOOM8_AO",0.215045366154685,-0.0450771339429745,-0.0508506900268363,"AO","AWIMOCKBLOOM8_S74_L001_R1_001.fastq.gz","AWIMOCKBLOOM8_S74_L001_R2_001.fastq.gz","Francisco Chavez",NA,NA,"MBARI",NA,NA,NA,NA,NA,NA,NA,NA,NA,NA,"marine biome  (ENVO:00000447)","coastal water (ENVO:00001250)","waterborne particulate matter (ENVO:01000436)",NA,NA,"USA:California:Monterey Bay","AO23",23,"AWIMOCKBLOOM8",NA,"GTACACACCGCCCGTC","TGATCCTTCTGCAGGTTCACCTAC",NA,NA,NA,"Poretics","0.22um",-80,"environmental","AWIMOCKBLOOM8_AO","NGS Illumina Miseq","MSU","GATCGTGT",18,NA,NA,NA,NA,NA,NA,NA,NA,NA,NA,NA,NA,NA,NA,NA,NA,NA,NA,NA,NA,NA,NA,NA,NA
"11","AWIMOCKBLOOM16_AO",0.242632275861182,-0.0230824203015188,-0.0258060642821525,"AO","AWIMOCKBLOOM16_S12_L001_R1_001.fastq.gz","AWIMOCKBLOOM16_S12_L001_R2_001.fastq.gz","Francisco Chavez",NA,NA,"MBARI",NA,NA,NA,NA,NA,NA,NA,NA,NA,NA,"marine biome  (ENVO:00000447)","coastal water (ENVO:00001250)","waterborne particulate matter (ENVO:01000436)",NA,NA,"USA:California:Monterey Bay","AO24",24,"AWIMOCKBLOOM16",NA,"GTACACACCGCCCGTC","TGATCCTTCTGCAGGTTCACCTAC",NA,NA,NA,"Poretics","0.22um",-80,"environmental","AWIMOCKBLOOM16_AO","NGS Illumina Miseq","MSU","GTCAGATA",18,NA,NA,NA,NA,NA,NA,NA,NA,NA,NA,NA,NA,NA,NA,NA,NA,NA,NA,NA,NA,NA,NA,NA,NA
"12","AWIMOCKBLOOM18_AO",0.259520930366335,-0.0394290555584582,-0.0454804216362548,"AO","AWIMOCKBLOOM18_S28_L001_R1_001.fastq.gz","AWIMOCKBLOOM18_S28_L001_R2_001.fastq.gz","Francisco Chavez",NA,NA,"MBARI",NA,NA,NA,NA,NA,NA,NA,NA,NA,NA,"marine biome  (ENVO:00000447)","coastal water (ENVO:00001250)","waterborne particulate matter (ENVO:01000436)",NA,NA,"USA:California:Monterey Bay","AO25",25,"AWIMOCKBLOOM18",NA,"GTACACACCGCCCGTC","TGATCCTTCTGCAGGTTCACCTAC",NA,NA,NA,"Poretics","0.22um",-80,"environmental","AWIMOCKBLOOM18_AO","NGS Illumina Miseq","MSU","CTACTATA",18,NA,NA,NA,NA,NA,NA,NA,NA,NA,NA,NA,NA,NA,NA,NA,NA,NA,NA,NA,NA,NA,NA,NA,NA
"13","AWIMOCKBLOOM28_AO",0.245918488767803,-0.0812240226381325,0.00772650383653731,"AO","AWIMOCKBLOOM28_S21_L001_R1_001.fastq.gz","AWIMOCKBLOOM28_S21_L001_R2_001.fastq.gz","Francisco Chavez",NA,NA,"MBARI",NA,NA,NA,NA,NA,NA,NA,NA,NA,NA,"marine biome  (ENVO:00000447)","coastal water (ENVO:00001250)","waterborne particulate matter (ENVO:01000436)",NA,NA,"USA:California:Monterey Bay","AO26",26,"AWIMOCKBLOOM28",NA,"GTACACACCGCCCGTC","TGATCCTTCTGCAGGTTCACCTAC",NA,NA,NA,"Poretics","0.22um",-80,"environmental","AWIMOCKBLOOM28_AO","NGS Illumina Miseq","MSU","CGTTACTA",18,NA,NA,NA,NA,NA,NA,NA,NA,NA,NA,NA,NA,NA,NA,NA,NA,NA,NA,NA,NA,NA,NA,NA,NA
"14","NOC2_AO",-0.161528885688628,0.309781045463354,-0.203034899786893,"AO","NOC2_S44_L001_R1_001.fastq.gz","NOC2_S44_L001_R2_001.fastq.gz","Francisco Chavez",NA,NA,"MBARI",NA,NA,NA,NA,NA,NA,NA,NA,NA,NA,"marine biome  (ENVO:00000447)","coastal water (ENVO:00001250)","waterborne particulate matter (ENVO:01000436)",NA,NA,"USA:California:Monterey Bay","AO27",27,"NOC2",NA,"GTACACACCGCCCGTC","TGATCCTTCTGCAGGTTCACCTAC",NA,NA,NA,"Poretics","0.22um",-80,"environmental","NOC2_AO","NGS Illumina Miseq","MSU","AGAGTCAC",18,NA,NA,NA,NA,NA,NA,NA,NA,NA,NA,NA,NA,NA,NA,NA,NA,NA,NA,NA,NA,NA,NA,NA,NA
"15","NOC9_AO",-0.162262636597888,0.299326619609881,-0.218197423049892,"AO","NOC9_S53_L001_R1_001.fastq.gz","NOC9_S53_L001_R2_001.fastq.gz","Francisco Chavez",NA,NA,"MBARI",NA,NA,NA,NA,NA,NA,NA,NA,NA,NA,"marine biome  (ENVO:00000447)","coastal water (ENVO:00001250)","waterborne particulate matter (ENVO:01000436)",NA,NA,"USA:California:Monterey Bay","AO28",28,"NOC9",NA,"GTACACACCGCCCGTC","TGATCCTTCTGCAGGTTCACCTAC",NA,NA,NA,"Poretics","0.22um",-80,"environmental","NOC9_AO","NGS Illumina Miseq","MSU","TACGAGAC",18,NA,NA,NA,NA,NA,NA,NA,NA,NA,NA,NA,NA,NA,NA,NA,NA,NA,NA,NA,NA,NA,NA,NA,NA
"16","NOC12_AO",-0.136251051516145,0.296138124638881,-0.185033798715595,"AO","NOC12_S70_L001_R1_001.fastq.gz","NOC12_S70_L001_R2_001.fastq.gz","Francisco Chavez",NA,NA,"MBARI",NA,NA,NA,NA,NA,NA,NA,NA,NA,NA,"marine biome  (ENVO:00000447)","coastal water (ENVO:00001250)","waterborne particulate matter (ENVO:01000436)",NA,NA,"USA:California:Monterey Bay","AO29",29,"NOC12",NA,"GTACACACCGCCCGTC","TGATCCTTCTGCAGGTTCACCTAC",NA,NA,NA,"Poretics","0.22um",-80,"environmental","NOC12_AO","NGS Illumina Miseq","MSU","ACGTCTCG",18,NA,NA,NA,NA,NA,NA,NA,NA,NA,NA,NA,NA,NA,NA,NA,NA,NA,NA,NA,NA,NA,NA,NA,NA
"17","NOC31_AO",-0.157518518466637,0.274023279681581,-0.169531436030034,"AO","NOC31_S95_L001_R1_001.fastq.gz","NOC31_S95_L001_R2_001.fastq.gz","Francisco Chavez",NA,NA,"MBARI",NA,NA,NA,NA,NA,NA,NA,NA,NA,NA,"marine biome  (ENVO:00000447)","coastal water (ENVO:00001250)","waterborne particulate matter (ENVO:01000436)",NA,NA,"USA:California:Monterey Bay","AO30",30,"NOC31",NA,"GTACACACCGCCCGTC","TGATCCTTCTGCAGGTTCACCTAC",NA,NA,NA,"Poretics","0.22um",-80,"environmental","NOC31_AO","NGS Illumina Miseq","MSU","TCGACGAG",18,NA,NA,NA,NA,NA,NA,NA,NA,NA,NA,NA,NA,NA,NA,NA,NA,NA,NA,NA,NA,NA,NA,NA,NA
"18","NOC51_AO",-0.154521191953597,0.289638722551116,-0.235595171360092,"AO","NOC51_S23_L001_R1_001.fastq.gz","NOC51_S23_L001_R2_001.fastq.gz","Francisco Chavez",NA,NA,"MBARI",NA,NA,NA,NA,NA,NA,NA,NA,NA,NA,"marine biome  (ENVO:00000447)","coastal water (ENVO:00001250)","waterborne particulate matter (ENVO:01000436)",NA,NA,"USA:California:Monterey Bay","AO31",31,"NOC51",NA,"GTACACACCGCCCGTC","TGATCCTTCTGCAGGTTCACCTAC",NA,NA,NA,"Poretics","0.22um",-80,"environmental","NOC51_AO","NGS Illumina Miseq","MSU","GATCGTGT",18,NA,NA,NA,NA,NA,NA,NA,NA,NA,NA,NA,NA,NA,NA,NA,NA,NA,NA,NA,NA,NA,NA,NA,NA
"19","UDalhousie2_AO",-0.213882543745709,-0.321889215216411,-0.0965745342187644,"AO","UDalhousie2_S22_L001_R1_001.fastq.gz","UDalhousie2_S22_L001_R2_001.fastq.gz","Francisco Chavez",NA,NA,"MBARI",NA,NA,NA,NA,NA,NA,NA,NA,NA,NA,"marine biome  (ENVO:00000447)","coastal water (ENVO:00001250)","waterborne particulate matter (ENVO:01000436)",NA,NA,"USA:California:Monterey Bay","AO32",32,"UDalhousie2",NA,"GTACACACCGCCCGTC","TGATCCTTCTGCAGGTTCACCTAC",NA,NA,NA,"Poretics","0.22um",-80,"environmental","UDalhousie2_AO","NGS Illumina Miseq","MSU","GTCAGATA",18,NA,NA,NA,NA,NA,NA,NA,NA,NA,NA,NA,NA,NA,NA,NA,NA,NA,NA,NA,NA,NA,NA,NA,NA
"20","UDalhousie8_AO",-0.225649528209997,-0.323122864310397,-0.105857941090704,"AO","UDalhousie8_S78_L001_R1_001.fastq.gz","UDalhousie8_S78_L001_R2_001.fastq.gz","Francisco Chavez",NA,NA,"MBARI",NA,NA,NA,NA,NA,NA,NA,NA,NA,NA,"marine biome  (ENVO:00000447)","coastal water (ENVO:00001250)","waterborne particulate matter (ENVO:01000436)",NA,NA,"USA:California:Monterey Bay","AO33",33,"UDalhousie8",NA,"GTACACACCGCCCGTC","TGATCCTTCTGCAGGTTCACCTAC",NA,NA,NA,"Poretics","0.22um",-80,"environmental","UDalhousie8_AO","NGS Illumina Miseq","MSU","CTACTATA",18,NA,NA,NA,NA,NA,NA,NA,NA,NA,NA,NA,NA,NA,NA,NA,NA,NA,NA,NA,NA,NA,NA,NA,NA
"21","UDalhousie14_AO",-0.235402417821152,-0.315045113202795,-0.0946912167198908,"AO","UDalhousie14_S14_L001_R1_001.fastq.gz","UDalhousie14_S14_L001_R2_001.fastq.gz","Francisco Chavez",NA,NA,"MBARI",NA,NA,NA,NA,NA,NA,NA,NA,NA,NA,"marine biome  (ENVO:00000447)","coastal water (ENVO:00001250)","waterborne particulate matter (ENVO:01000436)",NA,NA,"USA:California:Monterey Bay","AO34",34,"UDalhousie14",NA,"GTACACACCGCCCGTC","TGATCCTTCTGCAGGTTCACCTAC",NA,NA,NA,"Poretics","0.22um",-80,"environmental","UDalhousie14_AO","NGS Illumina Miseq","MSU","CGTTACTA",18,NA,NA,NA,NA,NA,NA,NA,NA,NA,NA,NA,NA,NA,NA,NA,NA,NA,NA,NA,NA,NA,NA,NA,NA
"22","UDalhousie20_AO",-0.233311845762395,-0.312778484485907,-0.0978914614498685,"AO","UDalhousie20_S15_L001_R1_001.fastq.gz","UDalhousie20_S15_L001_R2_001.fastq.gz","Francisco Chavez",NA,NA,"MBARI",NA,NA,NA,NA,NA,NA,NA,NA,NA,NA,"marine biome  (ENVO:00000447)","coastal water (ENVO:00001250)","waterborne particulate matter (ENVO:01000436)",NA,NA,"USA:California:Monterey Bay","AO35",35,"UDalhousie20",NA,"GTACACACCGCCCGTC","TGATCCTTCTGCAGGTTCACCTAC",NA,NA,NA,"Poretics","0.22um",-80,"environmental","UDalhousie20_AO","NGS Illumina Miseq","MSU","AGAGTCAC",18,NA,NA,NA,NA,NA,NA,NA,NA,NA,NA,NA,NA,NA,NA,NA,NA,NA,NA,NA,NA,NA,NA,NA,NA
"23","UDalhousie26_AO",-0.215338378351541,-0.316455997634331,-0.150767032663327,"AO","UDalhousie26_S65_L001_R1_001.fastq.gz","UDalhousie26_S65_L001_R2_001.fastq.gz","Francisco Chavez",NA,NA,"MBARI",NA,NA,NA,NA,NA,NA,NA,NA,NA,NA,"marine biome  (ENVO:00000447)","coastal water (ENVO:00001250)","waterborne particulate matter (ENVO:01000436)",NA,NA,"USA:California:Monterey Bay","AO36",36,"UDalhousie26",NA,"GTACACACCGCCCGTC","TGATCCTTCTGCAGGTTCACCTAC",NA,NA,NA,"Poretics","0.22um",-80,"environmental","UDalhousie26_AO","NGS Illumina Miseq","MSU","TACGAGAC",18,NA,NA,NA,NA,NA,NA,NA,NA,NA,NA,NA,NA,NA,NA,NA,NA,NA,NA,NA,NA,NA,NA,NA,NA
"24","AWIMOCKEVEN1_AO",0.228188584111303,-0.0220868527744649,-0.123828550211593,"AO","AWIMOCKEVEN1_S39_L001_R1_001.fastq.gz","AWIMOCKEVEN1_S39_L001_R2_001.fastq.gz","Francisco Chavez",NA,NA,"MBARI",NA,NA,NA,NA,NA,NA,NA,NA,NA,NA,"marine biome  (ENVO:00000447)","coastal water (ENVO:00001250)","waterborne particulate matter (ENVO:01000436)",NA,NA,"USA:California:Monterey Bay","AO37",37,"AWIMOCKEVEN1",NA,"GTACACACCGCCCGTC","TGATCCTTCTGCAGGTTCACCTAC",NA,NA,NA,"Poretics","0.22um",-80,"environmental","AWIMOCKEVEN1_AO","NGS Illumina Miseq","MSU","ACGTCTCG",18,NA,NA,NA,NA,NA,NA,NA,NA,NA,NA,NA,NA,NA,NA,NA,NA,NA,NA,NA,NA,NA,NA,NA,NA
"25","AWIMOCKEVEN2_AO",0.242789806109036,-0.0607462136920802,-0.049817838486577,"AO","AWIMOCKEVEN2_S34_L001_R1_001.fastq.gz","AWIMOCKEVEN2_S34_L001_R2_001.fastq.gz","Francisco Chavez",NA,NA,"MBARI",NA,NA,NA,NA,NA,NA,NA,NA,NA,NA,"marine biome  (ENVO:00000447)","coastal water (ENVO:00001250)","waterborne particulate matter (ENVO:01000436)",NA,NA,"USA:California:Monterey Bay","AO38",38,"AWIMOCKEVEN2",NA,"GTACACACCGCCCGTC","TGATCCTTCTGCAGGTTCACCTAC",NA,NA,NA,"Poretics","0.22um",-80,"environmental","AWIMOCKEVEN2_AO","NGS Illumina Miseq","MSU","TCGACGAG",18,NA,NA,NA,NA,NA,NA,NA,NA,NA,NA,NA,NA,NA,NA,NA,NA,NA,NA,NA,NA,NA,NA,NA,NA
"26","AWIMOCKEVEN3_AO",0.24732576538786,-0.0120283834839712,-0.0699328407903741,"AO","AWIMOCKEVEN3_S80_L001_R1_001.fastq.gz","AWIMOCKEVEN3_S80_L001_R2_001.fastq.gz","Francisco Chavez",NA,NA,"MBARI",NA,NA,NA,NA,NA,NA,NA,NA,NA,NA,"marine biome  (ENVO:00000447)","coastal water (ENVO:00001250)","waterborne particulate matter (ENVO:01000436)",NA,NA,"USA:California:Monterey Bay","AO39",39,"AWIMOCKEVEN3",NA,"GTACACACCGCCCGTC","TGATCCTTCTGCAGGTTCACCTAC",NA,NA,NA,"Poretics","0.22um",-80,"environmental","AWIMOCKEVEN3_AO","NGS Illumina Miseq","MSU","GATCGTGT",18,NA,NA,NA,NA,NA,NA,NA,NA,NA,NA,NA,NA,NA,NA,NA,NA,NA,NA,NA,NA,NA,NA,NA,NA
"27","AWIMOCKEVEN4_AO",0.240840809475876,-0.00912254073366671,-0.131070214622806,"AO","AWIMOCKEVEN4_S72_L001_R1_001.fastq.gz","AWIMOCKEVEN4_S72_L001_R2_001.fastq.gz","Francisco Chavez",NA,NA,"MBARI",NA,NA,NA,NA,NA,NA,NA,NA,NA,NA,"marine biome  (ENVO:00000447)","coastal water (ENVO:00001250)","waterborne particulate matter (ENVO:01000436)",NA,NA,"USA:California:Monterey Bay","AO40",40,"AWIMOCKEVEN4",NA,"GTACACACCGCCCGTC","TGATCCTTCTGCAGGTTCACCTAC",NA,NA,NA,"Poretics","0.22um",-80,"environmental","AWIMOCKEVEN4_AO","NGS Illumina Miseq","MSU","GTCAGATA",18,NA,NA,NA,NA,NA,NA,NA,NA,NA,NA,NA,NA,NA,NA,NA,NA,NA,NA,NA,NA,NA,NA,NA,NA
"28","AWIMOCKEVEN5_AO",0.233676656182966,-0.0253990063177699,-0.134788888896997,"AO","AWIMOCKEVEN5_S73_L001_R1_001.fastq.gz","AWIMOCKEVEN5_S73_L001_R2_001.fastq.gz","Francisco Chavez",NA,NA,"MBARI",NA,NA,NA,NA,NA,NA,NA,NA,NA,NA,"marine biome  (ENVO:00000447)","coastal water (ENVO:00001250)","waterborne particulate matter (ENVO:01000436)",NA,NA,"USA:California:Monterey Bay","AO41",41,"AWIMOCKEVEN5",NA,"GTACACACCGCCCGTC","TGATCCTTCTGCAGGTTCACCTAC",NA,NA,NA,"Poretics","0.22um",-80,"environmental","AWIMOCKEVEN5_AO","NGS Illumina Miseq","MSU","CTACTATA",18,NA,NA,NA,NA,NA,NA,NA,NA,NA,NA,NA,NA,NA,NA,NA,NA,NA,NA,NA,NA,NA,NA,NA,NA
