,PlateID,R1,R2,SAMPLING_PI,SAMPLING_bottle,SAMPLING_cruise,SAMPLING_institute,SAMPLING_platform,SAMPLING_platform_type,SAMPLING_rdepth,SAMPLING_station,SAMPLING_station_number,chlorophyll,decimalLatitude,decimalLongitude,density,depth,env_broad_scale,env_local_scale,env_medium,eventDate,fluor,geo_loc_name,library,order,original_name,pressure,primer_sequence_forward,primer_sequence_reverse,project_name,replicate,salinity,samp_filter_ext_type,samp_filter_size_ext,samp_store_temp,sample_type,seqID,seq_meth,sequencing_facility,tag_sequence,target_gene,temp,PlateID,R1,R2,SAMPLING_PI,SAMPLING_institute,env_broad_scale,env_local_scale,env_medium,geo_loc_name,library,order,original_name,primer_sequence_forward,primer_sequence_reverse,samp_filter_ext_type,samp_filter_size_ext,samp_store_temp,sample_type,seqID,seq_meth,sequencing_facility,tag_sequence,target_gene
CN18Sc37_12_Rep_Stdy5_AP,AP,CN18Sc37_12_Rep_Stdy5_S40_L001_R1_001.fastq.gz,CN18Sc37_12_Rep_Stdy5_S40_L001_R2_001.fastq.gz,Francisco Chavez,12.0,CN18S,MBARI,Western Flyer,ship,1.521,TS,37.0,8.1461,36.9815,-122.5135,25.32800000000001,0.0,marine biome  (ENVO:00000447),coastal water (ENVO:00001250),waterborne particulate matter (ENVO:01000436),6/9/18 23:55,0.3458,USA:California:Monterey Bay,AP9,9.0,CN18Sc37_12_Rep_Stdy5,1.5319999999999998,GGWACWGGWTGAACWGTWTAYCCYCC,TAAACTTCAGGGTGACCAAAAAATCA,CANON,_Rep,33.5385,Poretics,0.22um,-80,environmental,CN18Sc37_12_Rep_Stdy5_AP,NGS Illumina Miseq,MSU,CTACTATA,COI,12.6583,,,,,,,,,,,,,,,,,,,,,,,
CN18Sc37_12_Rep_Stdy10_AP,AP,CN18Sc37_12_Rep_Stdy10_S93_L001_R1_001.fastq.gz,CN18Sc37_12_Rep_Stdy10_S93_L001_R2_001.fastq.gz,Francisco Chavez,12.0,CN18S,MBARI,Western Flyer,ship,1.521,TS,37.0,8.1461,36.9815,-122.5135,25.32800000000001,0.0,marine biome  (ENVO:00000447),coastal water (ENVO:00001250),waterborne particulate matter (ENVO:01000436),6/9/18 23:55,0.3458,USA:California:Monterey Bay,AP10,10.0,CN18Sc37_12_Rep_Stdy10,1.5319999999999998,GGWACWGGWTGAACWGTWTAYCCYCC,TAAACTTCAGGGTGACCAAAAAATCA,CANON,_Rep,33.5385,Poretics,0.22um,-80,environmental,CN18Sc37_12_Rep_Stdy10_AP,NGS Illumina Miseq,MSU,CGTTACTA,COI,12.6583,,,,,,,,,,,,,,,,,,,,,,,
CN18Sc37_12_Rep_Stdy14_AP,AP,CN18Sc37_12_Rep_Stdy14_S32_L001_R1_001.fastq.gz,CN18Sc37_12_Rep_Stdy14_S32_L001_R2_001.fastq.gz,Francisco Chavez,12.0,CN18S,MBARI,Western Flyer,ship,1.521,TS,37.0,8.1461,36.9815,-122.5135,25.32800000000001,0.0,marine biome  (ENVO:00000447),coastal water (ENVO:00001250),waterborne particulate matter (ENVO:01000436),6/9/18 23:55,0.3458,USA:California:Monterey Bay,AP11,11.0,CN18Sc37_12_Rep_Stdy14,1.5319999999999998,GGWACWGGWTGAACWGTWTAYCCYCC,TAAACTTCAGGGTGACCAAAAAATCA,CANON,_Rep,33.5385,Poretics,0.22um,-80,environmental,CN18Sc37_12_Rep_Stdy14_AP,NGS Illumina Miseq,MSU,AGAGTCAC,COI,12.6583,,,,,,,,,,,,,,,,,,,,,,,
CN18Sc37_12_Rep_Stdy18_AP,AP,CN18Sc37_12_Rep_Stdy18_S48_L001_R1_001.fastq.gz,CN18Sc37_12_Rep_Stdy18_S48_L001_R2_001.fastq.gz,Francisco Chavez,12.0,CN18S,MBARI,Western Flyer,ship,1.521,TS,37.0,8.1461,36.9815,-122.5135,25.32800000000001,0.0,marine biome  (ENVO:00000447),coastal water (ENVO:00001250),waterborne particulate matter (ENVO:01000436),6/9/18 23:55,0.3458,USA:California:Monterey Bay,AP12,12.0,CN18Sc37_12_Rep_Stdy18,1.5319999999999998,GGWACWGGWTGAACWGTWTAYCCYCC,TAAACTTCAGGGTGACCAAAAAATCA,CANON,_Rep,33.5385,Poretics,0.22um,-80,environmental,CN18Sc37_12_Rep_Stdy18_AP,NGS Illumina Miseq,MSU,TACGAGAC,COI,12.6583,,,,,,,,,,,,,,,,,,,,,,,
CN18Sc37_12_Rep_Stdy22_AP,AP,CN18Sc37_12_Rep_Stdy22_S38_L001_R1_001.fastq.gz,CN18Sc37_12_Rep_Stdy22_S38_L001_R2_001.fastq.gz,Francisco Chavez,12.0,CN18S,MBARI,Western Flyer,ship,1.521,TS,37.0,8.1461,36.9815,-122.5135,25.32800000000001,0.0,marine biome  (ENVO:00000447),coastal water (ENVO:00001250),waterborne particulate matter (ENVO:01000436),6/9/18 23:55,0.3458,USA:California:Monterey Bay,AP13,13.0,CN18Sc37_12_Rep_Stdy22,1.5319999999999998,GGWACWGGWTGAACWGTWTAYCCYCC,TAAACTTCAGGGTGACCAAAAAATCA,CANON,_Rep,33.5385,Poretics,0.22um,-80,environmental,CN18Sc37_12_Rep_Stdy22_AP,NGS Illumina Miseq,MSU,ACGTCTCG,COI,12.6583,,,,,,,,,,,,,,,,,,,,,,,
NOAA11_AP,AP,NOAA11_S73_L001_R1_001.fastq.gz,NOAA11_S73_L001_R2_001.fastq.gz,Francisco Chavez,,,MBARI,,,,,,,,,,,marine biome  (ENVO:00000447),coastal water (ENVO:00001250),waterborne particulate matter (ENVO:01000436),,,USA:California:Monterey Bay,AP14,14.0,NOAA11,,GGWACWGGWTGAACWGTWTAYCCYCC,TAAACTTCAGGGTGACCAAAAAATCA,,,,Poretics,0.22um,-80,environmental,NOAA11_AP,NGS Illumina Miseq,MSU,TCGACGAG,COI,,,,,,,,,,,,,,,,,,,,,,,,
NOAA14_AP,AP,NOAA14_S88_L001_R1_001.fastq.gz,NOAA14_S88_L001_R2_001.fastq.gz,Francisco Chavez,,,MBARI,,,,,,,,,,,marine biome  (ENVO:00000447),coastal water (ENVO:00001250),waterborne particulate matter (ENVO:01000436),,,USA:California:Monterey Bay,AP15,15.0,NOAA14,,GGWACWGGWTGAACWGTWTAYCCYCC,TAAACTTCAGGGTGACCAAAAAATCA,,,,Poretics,0.22um,-80,environmental,NOAA14_AP,NGS Illumina Miseq,MSU,GATCGTGT,COI,,,,,,,,,,,,,,,,,,,,,,,,
NOAA20_AP,AP,NOAA20_S51_L001_R1_001.fastq.gz,NOAA20_S51_L001_R2_001.fastq.gz,Francisco Chavez,,,MBARI,,,,,,,,,,,marine biome  (ENVO:00000447),coastal water (ENVO:00001250),waterborne particulate matter (ENVO:01000436),,,USA:California:Monterey Bay,AP16,16.0,NOAA20,,GGWACWGGWTGAACWGTWTAYCCYCC,TAAACTTCAGGGTGACCAAAAAATCA,,,,Poretics,0.22um,-80,environmental,NOAA20_AP,NGS Illumina Miseq,MSU,GTCAGATA,COI,,,,,,,,,,,,,,,,,,,,,,,,
NOC2_AP,AP,NOC2_S72_L001_R1_001.fastq.gz,NOC2_S72_L001_R2_001.fastq.gz,Francisco Chavez,,,MBARI,,,,,,,,,,,marine biome  (ENVO:00000447),coastal water (ENVO:00001250),waterborne particulate matter (ENVO:01000436),,,USA:California:Monterey Bay,AP27,27.0,NOC2,,GGWACWGGWTGAACWGTWTAYCCYCC,TAAACTTCAGGGTGACCAAAAAATCA,,,,Poretics,0.22um,-80,environmental,NOC2_AP,NGS Illumina Miseq,MSU,AGAGTCAC,COI,,,,,,,,,,,,,,,,,,,,,,,,
NOC9_AP,AP,NOC9_S67_L001_R1_001.fastq.gz,NOC9_S67_L001_R2_001.fastq.gz,Francisco Chavez,,,MBARI,,,,,,,,,,,marine biome  (ENVO:00000447),coastal water (ENVO:00001250),waterborne particulate matter (ENVO:01000436),,,USA:California:Monterey Bay,AP28,28.0,NOC9,,GGWACWGGWTGAACWGTWTAYCCYCC,TAAACTTCAGGGTGACCAAAAAATCA,,,,Poretics,0.22um,-80,environmental,NOC9_AP,NGS Illumina Miseq,MSU,TACGAGAC,COI,,,,,,,,,,,,,,,,,,,,,,,,
NOC12_AP,AP,NOC12_S20_L001_R1_001.fastq.gz,NOC12_S20_L001_R2_001.fastq.gz,Francisco Chavez,,,MBARI,,,,,,,,,,,marine biome  (ENVO:00000447),coastal water (ENVO:00001250),waterborne particulate matter (ENVO:01000436),,,USA:California:Monterey Bay,AP29,29.0,NOC12,,GGWACWGGWTGAACWGTWTAYCCYCC,TAAACTTCAGGGTGACCAAAAAATCA,,,,Poretics,0.22um,-80,environmental,NOC12_AP,NGS Illumina Miseq,MSU,ACGTCTCG,COI,,,,,,,,,,,,,,,,,,,,,,,,
NOC31_AP,AP,NOC31_S24_L001_R1_001.fastq.gz,NOC31_S24_L001_R2_001.fastq.gz,Francisco Chavez,,,MBARI,,,,,,,,,,,marine biome  (ENVO:00000447),coastal water (ENVO:00001250),waterborne particulate matter (ENVO:01000436),,,USA:California:Monterey Bay,AP30,30.0,NOC31,,GGWACWGGWTGAACWGTWTAYCCYCC,TAAACTTCAGGGTGACCAAAAAATCA,,,,Poretics,0.22um,-80,environmental,NOC31_AP,NGS Illumina Miseq,MSU,TCGACGAG,COI,,,,,,,,,,,,,,,,,,,,,,,,
NOC51_AP,AP,NOC51_S3_L001_R1_001.fastq.gz,NOC51_S3_L001_R2_001.fastq.gz,Francisco Chavez,,,MBARI,,,,,,,,,,,marine biome  (ENVO:00000447),coastal water (ENVO:00001250),waterborne particulate matter (ENVO:01000436),,,USA:California:Monterey Bay,AP31,31.0,NOC51,,GGWACWGGWTGAACWGTWTAYCCYCC,TAAACTTCAGGGTGACCAAAAAATCA,,,,Poretics,0.22um,-80,environmental,NOC51_AP,NGS Illumina Miseq,MSU,GATCGTGT,COI,,,,,,,,,,,,,,,,,,,,,,,,
UDalhousie2_AP,AP,UDalhousie2_S95_L001_R1_001.fastq.gz,UDalhousie2_S95_L001_R2_001.fastq.gz,Francisco Chavez,,,MBARI,,,,,,,,,,,marine biome  (ENVO:00000447),coastal water (ENVO:00001250),waterborne particulate matter (ENVO:01000436),,,USA:California:Monterey Bay,AP32,32.0,UDalhousie2,,GGWACWGGWTGAACWGTWTAYCCYCC,TAAACTTCAGGGTGACCAAAAAATCA,,,,Poretics,0.22um,-80,environmental,UDalhousie2_AP,NGS Illumina Miseq,MSU,GTCAGATA,COI,,,,,,,,,,,,,,,,,,,,,,,,
UDalhousie8_AP,AP,UDalhousie8_S78_L001_R1_001.fastq.gz,UDalhousie8_S78_L001_R2_001.fastq.gz,Francisco Chavez,,,MBARI,,,,,,,,,,,marine biome  (ENVO:00000447),coastal water (ENVO:00001250),waterborne particulate matter (ENVO:01000436),,,USA:California:Monterey Bay,AP33,33.0,UDalhousie8,,GGWACWGGWTGAACWGTWTAYCCYCC,TAAACTTCAGGGTGACCAAAAAATCA,,,,Poretics,0.22um,-80,environmental,UDalhousie8_AP,NGS Illumina Miseq,MSU,CTACTATA,COI,,,,,,,,,,,,,,,,,,,,,,,,
UDalhousie14_AP,AP,UDalhousie14_S87_L001_R1_001.fastq.gz,UDalhousie14_S87_L001_R2_001.fastq.gz,Francisco Chavez,,,MBARI,,,,,,,,,,,marine biome  (ENVO:00000447),coastal water (ENVO:00001250),waterborne particulate matter (ENVO:01000436),,,USA:California:Monterey Bay,AP34,34.0,UDalhousie14,,GGWACWGGWTGAACWGTWTAYCCYCC,TAAACTTCAGGGTGACCAAAAAATCA,,,,Poretics,0.22um,-80,environmental,UDalhousie14_AP,NGS Illumina Miseq,MSU,CGTTACTA,COI,,,,,,,,,,,,,,,,,,,,,,,,
UDalhousie20_AP,AP,UDalhousie20_S69_L001_R1_001.fastq.gz,UDalhousie20_S69_L001_R2_001.fastq.gz,Francisco Chavez,,,MBARI,,,,,,,,,,,marine biome  (ENVO:00000447),coastal water (ENVO:00001250),waterborne particulate matter (ENVO:01000436),,,USA:California:Monterey Bay,AP35,35.0,UDalhousie20,,GGWACWGGWTGAACWGTWTAYCCYCC,TAAACTTCAGGGTGACCAAAAAATCA,,,,Poretics,0.22um,-80,environmental,UDalhousie20_AP,NGS Illumina Miseq,MSU,AGAGTCAC,COI,,,,,,,,,,,,,,,,,,,,,,,,
UDalhousie26_AP,AP,UDalhousie26_S70_L001_R1_001.fastq.gz,UDalhousie26_S70_L001_R2_001.fastq.gz,Francisco Chavez,,,MBARI,,,,,,,,,,,marine biome  (ENVO:00000447),coastal water (ENVO:00001250),waterborne particulate matter (ENVO:01000436),,,USA:California:Monterey Bay,AP36,36.0,UDalhousie26,,GGWACWGGWTGAACWGTWTAYCCYCC,TAAACTTCAGGGTGACCAAAAAATCA,,,,Poretics,0.22um,-80,environmental,UDalhousie26_AP,NGS Illumina Miseq,MSU,TACGAGAC,COI,,,,,,,,,,,,,,,,,,,,,,,,
AWIMOCKEVEN1_AP,AP,AWIMOCKEVEN1_S75_L001_R1_001.fastq.gz,AWIMOCKEVEN1_S75_L001_R2_001.fastq.gz,Francisco Chavez,,,MBARI,,,,,,,,,,,marine biome  (ENVO:00000447),coastal water (ENVO:00001250),waterborne particulate matter (ENVO:01000436),,,USA:California:Monterey Bay,AP37,37.0,AWIMOCKEVEN1,,GGWACWGGWTGAACWGTWTAYCCYCC,TAAACTTCAGGGTGACCAAAAAATCA,,,,Poretics,0.22um,-80,environmental,AWIMOCKEVEN1_AP,NGS Illumina Miseq,MSU,ACGTCTCG,COI,,,,,,,,,,,,,,,,,,,,,,,,
AWIMOCKEVEN2_AP,AP,AWIMOCKEVEN2_S11_L001_R1_001.fastq.gz,AWIMOCKEVEN2_S11_L001_R2_001.fastq.gz,Francisco Chavez,,,MBARI,,,,,,,,,,,marine biome  (ENVO:00000447),coastal water (ENVO:00001250),waterborne particulate matter (ENVO:01000436),,,USA:California:Monterey Bay,AP38,38.0,AWIMOCKEVEN2,,GGWACWGGWTGAACWGTWTAYCCYCC,TAAACTTCAGGGTGACCAAAAAATCA,,,,Poretics,0.22um,-80,environmental,AWIMOCKEVEN2_AP,NGS Illumina Miseq,MSU,TCGACGAG,COI,,,,,,,,,,,,,,,,,,,,,,,,
AWIMOCKEVEN3_AP,AP,AWIMOCKEVEN3_S80_L001_R1_001.fastq.gz,AWIMOCKEVEN3_S80_L001_R2_001.fastq.gz,Francisco Chavez,,,MBARI,,,,,,,,,,,marine biome  (ENVO:00000447),coastal water (ENVO:00001250),waterborne particulate matter (ENVO:01000436),,,USA:California:Monterey Bay,AP39,39.0,AWIMOCKEVEN3,,GGWACWGGWTGAACWGTWTAYCCYCC,TAAACTTCAGGGTGACCAAAAAATCA,,,,Poretics,0.22um,-80,environmental,AWIMOCKEVEN3_AP,NGS Illumina Miseq,MSU,GATCGTGT,COI,,,,,,,,,,,,,,,,,,,,,,,,
AWIMOCKEVEN4_AP,AP,AWIMOCKEVEN4_S57_L001_R1_001.fastq.gz,AWIMOCKEVEN4_S57_L001_R2_001.fastq.gz,Francisco Chavez,,,MBARI,,,,,,,,,,,marine biome  (ENVO:00000447),coastal water (ENVO:00001250),waterborne particulate matter (ENVO:01000436),,,USA:California:Monterey Bay,AP40,40.0,AWIMOCKEVEN4,,GGWACWGGWTGAACWGTWTAYCCYCC,TAAACTTCAGGGTGACCAAAAAATCA,,,,Poretics,0.22um,-80,environmental,AWIMOCKEVEN4_AP,NGS Illumina Miseq,MSU,GTCAGATA,COI,,,,,,,,,,,,,,,,,,,,,,,,
AWIMOCKEVEN5_AP,AP,AWIMOCKEVEN5_S62_L001_R1_001.fastq.gz,AWIMOCKEVEN5_S62_L001_R2_001.fastq.gz,Francisco Chavez,,,MBARI,,,,,,,,,,,marine biome  (ENVO:00000447),coastal water (ENVO:00001250),waterborne particulate matter (ENVO:01000436),,,USA:California:Monterey Bay,AP41,41.0,AWIMOCKEVEN5,,GGWACWGGWTGAACWGTWTAYCCYCC,TAAACTTCAGGGTGACCAAAAAATCA,,,,Poretics,0.22um,-80,environmental,AWIMOCKEVEN5_AP,NGS Illumina Miseq,MSU,CTACTATA,COI,,,,,,,,,,,,,,,,,,,,,,,,
pcrblank1_AP,,,,,,,,,,,,,,,,,,,,,,,,,,,,,,,,,,,,,,,,,,,AP,pcrblank1_S68_L001_R1_001.fastq.gz,pcrblank1_S68_L001_R2_001.fastq.gz,Francisco Chavez,MBARI,marine biome  (ENVO:00000447),coastal water (ENVO:00001250),waterborne particulate matter (ENVO:01000436),USA:California:Monterey Bay,AP92,92.0,pcrblank1,GGWACWGGWTGAACWGTWTAYCCYCC,TAAACTTCAGGGTGACCAAAAAATCA,Poretics,0.22um,-80,negative,pcrblank1_AP,NGS Illumina Miseq,MSU,TACGAGAC,COI
pcrblank2_AP,,,,,,,,,,,,,,,,,,,,,,,,,,,,,,,,,,,,,,,,,,,AP,pcrblank2_S81_L001_R1_001.fastq.gz,pcrblank2_S81_L001_R2_001.fastq.gz,Francisco Chavez,MBARI,marine biome  (ENVO:00000447),coastal water (ENVO:00001250),waterborne particulate matter (ENVO:01000436),USA:California:Monterey Bay,AP93,93.0,pcrblank2,GGWACWGGWTGAACWGTWTAYCCYCC,TAAACTTCAGGGTGACCAAAAAATCA,Poretics,0.22um,-80,negative,pcrblank2_AP,NGS Illumina Miseq,MSU,ACGTCTCG,COI
ArtComm1_AP,,,,,,,,,,,,,,,,,,,,,,,,,,,,,,,,,,,,,,,,,,,AP,ArtComm1_S7_L001_R1_001.fastq.gz,ArtComm1_S7_L001_R2_001.fastq.gz,Francisco Chavez,MBARI,marine biome  (ENVO:00000447),coastal water (ENVO:00001250),waterborne particulate matter (ENVO:01000436),USA:California:Monterey Bay,AP94,94.0,ArtComm1,GGWACWGGWTGAACWGTWTAYCCYCC,TAAACTTCAGGGTGACCAAAAAATCA,Poretics,0.22um,-80,positive,ArtComm1_AP,NGS Illumina Miseq,MSU,TCGACGAG,COI
CN19FESP_P2_EB_AP,,,,,,,,,,,,,,,,,,,,,,,,,,,,,,,,,,,,,,,,,,,AP,CN19FESP_P2_EB_S86_L001_R1_001.fastq.gz,CN19FESP_P2_EB_S86_L001_R2_001.fastq.gz,Francisco Chavez,MBARI,marine biome  (ENVO:00000447),coastal water (ENVO:00001250),waterborne particulate matter (ENVO:01000436),USA:California:Monterey Bay,AP95,95.0,CN19FESP_P2_EB,GGWACWGGWTGAACWGTWTAYCCYCC,TAAACTTCAGGGTGACCAAAAAATCA,Poretics,0.22um,-80,negative,CN19FESP_P2_EB_AP,NGS Illumina Miseq,MSU,GATCGTGT,COI
RTSF_NTC_AP,,,,,,,,,,,,,,,,,,,,,,,,,,,,,,,,,,,,,,,,,,,AP,RTSF_NTC_S89_L001_R1_001.fastq.gz,RTSF_NTC_S89_L001_R2_001.fastq.gz,Francisco Chavez,MBARI,marine biome  (ENVO:00000447),coastal water (ENVO:00001250),waterborne particulate matter (ENVO:01000436),USA:California:Monterey Bay,AP96,96.0,RTSF_NTC,GGWACWGGWTGAACWGTWTAYCCYCC,TAAACTTCAGGGTGACCAAAAAATCA,Poretics,0.22um,-80,MSU_control,RTSF_NTC_AP,NGS Illumina Miseq,MSU,GTCAGATA,COI
