sample_name,PlateID,R1,R2,SAMPLING_PI,SAMPLING_bottle,SAMPLING_cruise,SAMPLING_institute,SAMPLING_platform,SAMPLING_platform_type,SAMPLING_rdepth,SAMPLING_station,SAMPLING_station_number,chlorophyll,decimalLatitude,decimalLongitude,density,depth,env_broad_scale,env_local_scale,env_medium,eventDate,fluor,geo_loc_name,library,order,original_name,pressure,primer_sequence_forward,primer_sequence_reverse,project_name,replicate,salinity,samp_filter_ext_type,samp_filter_size_ext,samp_store_temp,sample_type,seqID,seq_meth,sequencing_facility,tag_sequence,target_gene,temp,PlateID.1,R1.1,R2.1,SAMPLING_PI.1,SAMPLING_institute.1,env_broad_scale.1,env_local_scale.1,env_medium.1,geo_loc_name.1,library.1,order.1,original_name.1,primer_sequence_forward.1,primer_sequence_reverse.1,samp_filter_ext_type.1,samp_filter_size_ext.1,samp_store_temp.1,sample_type.1,seqID.1,seq_meth.1,sequencing_facility.1,tag_sequence.1,target_gene.1
CN18Sc37_12_Rep_Stdy5_AO,AO,CN18Sc37_12_Rep_Stdy5_S90_L001_R1_001.fastq.gz,CN18Sc37_12_Rep_Stdy5_S90_L001_R2_001.fastq.gz,Francisco Chavez,12.0,CN18S,MBARI,Western Flyer,ship,1.521,TS,37.0,8.1461,36.9815,-122.5135,25.328000000000007,0.0,marine biome  (ENVO:00000447),coastal water (ENVO:00001250),waterborne particulate matter (ENVO:01000436),2018-06-09 23:55:00,0.3458,USA:California:Monterey Bay,AO9,9.0,CN18Sc37_12_Rep_Stdy5,1.5319999999999998,GTACACACCGCCCGTC,TGATCCTTCTGCAGGTTCACCTAC,CANON,_Rep,33.5385,Poretics,0.22um,-80.0,environmental,CN18Sc37_12_Rep_Stdy5_AO,NGS Illumina Miseq,MSU,CTACTATA,18S,12.6583,,,,,,,,,,,,,,,,,,,,,,,
CN18Sc37_12_Rep_Stdy10_AO,AO,CN18Sc37_12_Rep_Stdy10_S61_L001_R1_001.fastq.gz,CN18Sc37_12_Rep_Stdy10_S61_L001_R2_001.fastq.gz,Francisco Chavez,12.0,CN18S,MBARI,Western Flyer,ship,1.521,TS,37.0,8.1461,36.9815,-122.5135,25.328000000000007,0.0,marine biome  (ENVO:00000447),coastal water (ENVO:00001250),waterborne particulate matter (ENVO:01000436),2018-06-09 23:55:00,0.3458,USA:California:Monterey Bay,AO10,10.0,CN18Sc37_12_Rep_Stdy10,1.5319999999999998,GTACACACCGCCCGTC,TGATCCTTCTGCAGGTTCACCTAC,CANON,_Rep,33.5385,Poretics,0.22um,-80.0,environmental,CN18Sc37_12_Rep_Stdy10_AO,NGS Illumina Miseq,MSU,CGTTACTA,18S,12.6583,,,,,,,,,,,,,,,,,,,,,,,
CN18Sc37_12_Rep_Stdy14_AO,AO,CN18Sc37_12_Rep_Stdy14_S54_L001_R1_001.fastq.gz,CN18Sc37_12_Rep_Stdy14_S54_L001_R2_001.fastq.gz,Francisco Chavez,12.0,CN18S,MBARI,Western Flyer,ship,1.521,TS,37.0,8.1461,36.9815,-122.5135,25.328000000000007,0.0,marine biome  (ENVO:00000447),coastal water (ENVO:00001250),waterborne particulate matter (ENVO:01000436),2018-06-09 23:55:00,0.3458,USA:California:Monterey Bay,AO11,11.0,CN18Sc37_12_Rep_Stdy14,1.5319999999999998,GTACACACCGCCCGTC,TGATCCTTCTGCAGGTTCACCTAC,CANON,_Rep,33.5385,Poretics,0.22um,-80.0,environmental,CN18Sc37_12_Rep_Stdy14_AO,NGS Illumina Miseq,MSU,AGAGTCAC,18S,12.6583,,,,,,,,,,,,,,,,,,,,,,,
CN18Sc37_12_Rep_Stdy18_AO,AO,CN18Sc37_12_Rep_Stdy18_S30_L001_R1_001.fastq.gz,CN18Sc37_12_Rep_Stdy18_S30_L001_R2_001.fastq.gz,Francisco Chavez,12.0,CN18S,MBARI,Western Flyer,ship,1.521,TS,37.0,8.1461,36.9815,-122.5135,25.328000000000007,0.0,marine biome  (ENVO:00000447),coastal water (ENVO:00001250),waterborne particulate matter (ENVO:01000436),2018-06-09 23:55:00,0.3458,USA:California:Monterey Bay,AO12,12.0,CN18Sc37_12_Rep_Stdy18,1.5319999999999998,GTACACACCGCCCGTC,TGATCCTTCTGCAGGTTCACCTAC,CANON,_Rep,33.5385,Poretics,0.22um,-80.0,environmental,CN18Sc37_12_Rep_Stdy18_AO,NGS Illumina Miseq,MSU,TACGAGAC,18S,12.6583,,,,,,,,,,,,,,,,,,,,,,,
CN18Sc37_12_Rep_Stdy22_AO,AO,CN18Sc37_12_Rep_Stdy22_S11_L001_R1_001.fastq.gz,CN18Sc37_12_Rep_Stdy22_S11_L001_R2_001.fastq.gz,Francisco Chavez,12.0,CN18S,MBARI,Western Flyer,ship,1.521,TS,37.0,8.1461,36.9815,-122.5135,25.328000000000007,0.0,marine biome  (ENVO:00000447),coastal water (ENVO:00001250),waterborne particulate matter (ENVO:01000436),2018-06-09 23:55:00,0.3458,USA:California:Monterey Bay,AO13,13.0,CN18Sc37_12_Rep_Stdy22,1.5319999999999998,GTACACACCGCCCGTC,TGATCCTTCTGCAGGTTCACCTAC,CANON,_Rep,33.5385,Poretics,0.22um,-80.0,environmental,CN18Sc37_12_Rep_Stdy22_AO,NGS Illumina Miseq,MSU,ACGTCTCG,18S,12.6583,,,,,,,,,,,,,,,,,,,,,,,
NOAA11_AO,AO,NOAA11_S83_L001_R1_001.fastq.gz,NOAA11_S83_L001_R2_001.fastq.gz,Francisco Chavez,,,MBARI,,,,,,,,,,,marine biome  (ENVO:00000447),coastal water (ENVO:00001250),waterborne particulate matter (ENVO:01000436),,,USA:California:Monterey Bay,AO14,14.0,NOAA11,,GTACACACCGCCCGTC,TGATCCTTCTGCAGGTTCACCTAC,,,,Poretics,0.22um,-80.0,environmental,NOAA11_AO,NGS Illumina Miseq,MSU,TCGACGAG,18S,,,,,,,,,,,,,,,,,,,,,,,,
NOAA14_AO,AO,NOAA14_S38_L001_R1_001.fastq.gz,NOAA14_S38_L001_R2_001.fastq.gz,Francisco Chavez,,,MBARI,,,,,,,,,,,marine biome  (ENVO:00000447),coastal water (ENVO:00001250),waterborne particulate matter (ENVO:01000436),,,USA:California:Monterey Bay,AO15,15.0,NOAA14,,GTACACACCGCCCGTC,TGATCCTTCTGCAGGTTCACCTAC,,,,Poretics,0.22um,-80.0,environmental,NOAA14_AO,NGS Illumina Miseq,MSU,GATCGTGT,18S,,,,,,,,,,,,,,,,,,,,,,,,
NOAA20_AO,AO,NOAA20_S51_L001_R1_001.fastq.gz,NOAA20_S51_L001_R2_001.fastq.gz,Francisco Chavez,,,MBARI,,,,,,,,,,,marine biome  (ENVO:00000447),coastal water (ENVO:00001250),waterborne particulate matter (ENVO:01000436),,,USA:California:Monterey Bay,AO16,16.0,NOAA20,,GTACACACCGCCCGTC,TGATCCTTCTGCAGGTTCACCTAC,,,,Poretics,0.22um,-80.0,environmental,NOAA20_AO,NGS Illumina Miseq,MSU,GTCAGATA,18S,,,,,,,,,,,,,,,,,,,,,,,,
AWIMOCKBLOOM7_AO,AO,AWIMOCKBLOOM7_S52_L001_R1_001.fastq.gz,AWIMOCKBLOOM7_S52_L001_R2_001.fastq.gz,Francisco Chavez,,,MBARI,,,,,,,,,,,marine biome  (ENVO:00000447),coastal water (ENVO:00001250),waterborne particulate matter (ENVO:01000436),,,USA:California:Monterey Bay,AO22,22.0,AWIMOCKBLOOM7,,GTACACACCGCCCGTC,TGATCCTTCTGCAGGTTCACCTAC,,,,Poretics,0.22um,-80.0,environmental,AWIMOCKBLOOM7_AO,NGS Illumina Miseq,MSU,TCGACGAG,18S,,,,,,,,,,,,,,,,,,,,,,,,
AWIMOCKBLOOM8_AO,AO,AWIMOCKBLOOM8_S74_L001_R1_001.fastq.gz,AWIMOCKBLOOM8_S74_L001_R2_001.fastq.gz,Francisco Chavez,,,MBARI,,,,,,,,,,,marine biome  (ENVO:00000447),coastal water (ENVO:00001250),waterborne particulate matter (ENVO:01000436),,,USA:California:Monterey Bay,AO23,23.0,AWIMOCKBLOOM8,,GTACACACCGCCCGTC,TGATCCTTCTGCAGGTTCACCTAC,,,,Poretics,0.22um,-80.0,environmental,AWIMOCKBLOOM8_AO,NGS Illumina Miseq,MSU,GATCGTGT,18S,,,,,,,,,,,,,,,,,,,,,,,,
AWIMOCKBLOOM16_AO,AO,AWIMOCKBLOOM16_S12_L001_R1_001.fastq.gz,AWIMOCKBLOOM16_S12_L001_R2_001.fastq.gz,Francisco Chavez,,,MBARI,,,,,,,,,,,marine biome  (ENVO:00000447),coastal water (ENVO:00001250),waterborne particulate matter (ENVO:01000436),,,USA:California:Monterey Bay,AO24,24.0,AWIMOCKBLOOM16,,GTACACACCGCCCGTC,TGATCCTTCTGCAGGTTCACCTAC,,,,Poretics,0.22um,-80.0,environmental,AWIMOCKBLOOM16_AO,NGS Illumina Miseq,MSU,GTCAGATA,18S,,,,,,,,,,,,,,,,,,,,,,,,
AWIMOCKBLOOM18_AO,AO,AWIMOCKBLOOM18_S28_L001_R1_001.fastq.gz,AWIMOCKBLOOM18_S28_L001_R2_001.fastq.gz,Francisco Chavez,,,MBARI,,,,,,,,,,,marine biome  (ENVO:00000447),coastal water (ENVO:00001250),waterborne particulate matter (ENVO:01000436),,,USA:California:Monterey Bay,AO25,25.0,AWIMOCKBLOOM18,,GTACACACCGCCCGTC,TGATCCTTCTGCAGGTTCACCTAC,,,,Poretics,0.22um,-80.0,environmental,AWIMOCKBLOOM18_AO,NGS Illumina Miseq,MSU,CTACTATA,18S,,,,,,,,,,,,,,,,,,,,,,,,
AWIMOCKBLOOM28_AO,AO,AWIMOCKBLOOM28_S21_L001_R1_001.fastq.gz,AWIMOCKBLOOM28_S21_L001_R2_001.fastq.gz,Francisco Chavez,,,MBARI,,,,,,,,,,,marine biome  (ENVO:00000447),coastal water (ENVO:00001250),waterborne particulate matter (ENVO:01000436),,,USA:California:Monterey Bay,AO26,26.0,AWIMOCKBLOOM28,,GTACACACCGCCCGTC,TGATCCTTCTGCAGGTTCACCTAC,,,,Poretics,0.22um,-80.0,environmental,AWIMOCKBLOOM28_AO,NGS Illumina Miseq,MSU,CGTTACTA,18S,,,,,,,,,,,,,,,,,,,,,,,,
NOC2_AO,AO,NOC2_S44_L001_R1_001.fastq.gz,NOC2_S44_L001_R2_001.fastq.gz,Francisco Chavez,,,MBARI,,,,,,,,,,,marine biome  (ENVO:00000447),coastal water (ENVO:00001250),waterborne particulate matter (ENVO:01000436),,,USA:California:Monterey Bay,AO27,27.0,NOC2,,GTACACACCGCCCGTC,TGATCCTTCTGCAGGTTCACCTAC,,,,Poretics,0.22um,-80.0,environmental,NOC2_AO,NGS Illumina Miseq,MSU,AGAGTCAC,18S,,,,,,,,,,,,,,,,,,,,,,,,
NOC9_AO,AO,NOC9_S53_L001_R1_001.fastq.gz,NOC9_S53_L001_R2_001.fastq.gz,Francisco Chavez,,,MBARI,,,,,,,,,,,marine biome  (ENVO:00000447),coastal water (ENVO:00001250),waterborne particulate matter (ENVO:01000436),,,USA:California:Monterey Bay,AO28,28.0,NOC9,,GTACACACCGCCCGTC,TGATCCTTCTGCAGGTTCACCTAC,,,,Poretics,0.22um,-80.0,environmental,NOC9_AO,NGS Illumina Miseq,MSU,TACGAGAC,18S,,,,,,,,,,,,,,,,,,,,,,,,
NOC12_AO,AO,NOC12_S70_L001_R1_001.fastq.gz,NOC12_S70_L001_R2_001.fastq.gz,Francisco Chavez,,,MBARI,,,,,,,,,,,marine biome  (ENVO:00000447),coastal water (ENVO:00001250),waterborne particulate matter (ENVO:01000436),,,USA:California:Monterey Bay,AO29,29.0,NOC12,,GTACACACCGCCCGTC,TGATCCTTCTGCAGGTTCACCTAC,,,,Poretics,0.22um,-80.0,environmental,NOC12_AO,NGS Illumina Miseq,MSU,ACGTCTCG,18S,,,,,,,,,,,,,,,,,,,,,,,,
NOC31_AO,AO,NOC31_S95_L001_R1_001.fastq.gz,NOC31_S95_L001_R2_001.fastq.gz,Francisco Chavez,,,MBARI,,,,,,,,,,,marine biome  (ENVO:00000447),coastal water (ENVO:00001250),waterborne particulate matter (ENVO:01000436),,,USA:California:Monterey Bay,AO30,30.0,NOC31,,GTACACACCGCCCGTC,TGATCCTTCTGCAGGTTCACCTAC,,,,Poretics,0.22um,-80.0,environmental,NOC31_AO,NGS Illumina Miseq,MSU,TCGACGAG,18S,,,,,,,,,,,,,,,,,,,,,,,,
NOC51_AO,AO,NOC51_S23_L001_R1_001.fastq.gz,NOC51_S23_L001_R2_001.fastq.gz,Francisco Chavez,,,MBARI,,,,,,,,,,,marine biome  (ENVO:00000447),coastal water (ENVO:00001250),waterborne particulate matter (ENVO:01000436),,,USA:California:Monterey Bay,AO31,31.0,NOC51,,GTACACACCGCCCGTC,TGATCCTTCTGCAGGTTCACCTAC,,,,Poretics,0.22um,-80.0,environmental,NOC51_AO,NGS Illumina Miseq,MSU,GATCGTGT,18S,,,,,,,,,,,,,,,,,,,,,,,,
UDalhousie2_AO,AO,UDalhousie2_S22_L001_R1_001.fastq.gz,UDalhousie2_S22_L001_R2_001.fastq.gz,Francisco Chavez,,,MBARI,,,,,,,,,,,marine biome  (ENVO:00000447),coastal water (ENVO:00001250),waterborne particulate matter (ENVO:01000436),,,USA:California:Monterey Bay,AO32,32.0,UDalhousie2,,GTACACACCGCCCGTC,TGATCCTTCTGCAGGTTCACCTAC,,,,Poretics,0.22um,-80.0,environmental,UDalhousie2_AO,NGS Illumina Miseq,MSU,GTCAGATA,18S,,,,,,,,,,,,,,,,,,,,,,,,
UDalhousie8_AO,AO,UDalhousie8_S78_L001_R1_001.fastq.gz,UDalhousie8_S78_L001_R2_001.fastq.gz,Francisco Chavez,,,MBARI,,,,,,,,,,,marine biome  (ENVO:00000447),coastal water (ENVO:00001250),waterborne particulate matter (ENVO:01000436),,,USA:California:Monterey Bay,AO33,33.0,UDalhousie8,,GTACACACCGCCCGTC,TGATCCTTCTGCAGGTTCACCTAC,,,,Poretics,0.22um,-80.0,environmental,UDalhousie8_AO,NGS Illumina Miseq,MSU,CTACTATA,18S,,,,,,,,,,,,,,,,,,,,,,,,
UDalhousie14_AO,AO,UDalhousie14_S14_L001_R1_001.fastq.gz,UDalhousie14_S14_L001_R2_001.fastq.gz,Francisco Chavez,,,MBARI,,,,,,,,,,,marine biome  (ENVO:00000447),coastal water (ENVO:00001250),waterborne particulate matter (ENVO:01000436),,,USA:California:Monterey Bay,AO34,34.0,UDalhousie14,,GTACACACCGCCCGTC,TGATCCTTCTGCAGGTTCACCTAC,,,,Poretics,0.22um,-80.0,environmental,UDalhousie14_AO,NGS Illumina Miseq,MSU,CGTTACTA,18S,,,,,,,,,,,,,,,,,,,,,,,,
UDalhousie20_AO,AO,UDalhousie20_S15_L001_R1_001.fastq.gz,UDalhousie20_S15_L001_R2_001.fastq.gz,Francisco Chavez,,,MBARI,,,,,,,,,,,marine biome  (ENVO:00000447),coastal water (ENVO:00001250),waterborne particulate matter (ENVO:01000436),,,USA:California:Monterey Bay,AO35,35.0,UDalhousie20,,GTACACACCGCCCGTC,TGATCCTTCTGCAGGTTCACCTAC,,,,Poretics,0.22um,-80.0,environmental,UDalhousie20_AO,NGS Illumina Miseq,MSU,AGAGTCAC,18S,,,,,,,,,,,,,,,,,,,,,,,,
UDalhousie26_AO,AO,UDalhousie26_S65_L001_R1_001.fastq.gz,UDalhousie26_S65_L001_R2_001.fastq.gz,Francisco Chavez,,,MBARI,,,,,,,,,,,marine biome  (ENVO:00000447),coastal water (ENVO:00001250),waterborne particulate matter (ENVO:01000436),,,USA:California:Monterey Bay,AO36,36.0,UDalhousie26,,GTACACACCGCCCGTC,TGATCCTTCTGCAGGTTCACCTAC,,,,Poretics,0.22um,-80.0,environmental,UDalhousie26_AO,NGS Illumina Miseq,MSU,TACGAGAC,18S,,,,,,,,,,,,,,,,,,,,,,,,
AWIMOCKEVEN1_AO,AO,AWIMOCKEVEN1_S39_L001_R1_001.fastq.gz,AWIMOCKEVEN1_S39_L001_R2_001.fastq.gz,Francisco Chavez,,,MBARI,,,,,,,,,,,marine biome  (ENVO:00000447),coastal water (ENVO:00001250),waterborne particulate matter (ENVO:01000436),,,USA:California:Monterey Bay,AO37,37.0,AWIMOCKEVEN1,,GTACACACCGCCCGTC,TGATCCTTCTGCAGGTTCACCTAC,,,,Poretics,0.22um,-80.0,environmental,AWIMOCKEVEN1_AO,NGS Illumina Miseq,MSU,ACGTCTCG,18S,,,,,,,,,,,,,,,,,,,,,,,,
AWIMOCKEVEN2_AO,AO,AWIMOCKEVEN2_S34_L001_R1_001.fastq.gz,AWIMOCKEVEN2_S34_L001_R2_001.fastq.gz,Francisco Chavez,,,MBARI,,,,,,,,,,,marine biome  (ENVO:00000447),coastal water (ENVO:00001250),waterborne particulate matter (ENVO:01000436),,,USA:California:Monterey Bay,AO38,38.0,AWIMOCKEVEN2,,GTACACACCGCCCGTC,TGATCCTTCTGCAGGTTCACCTAC,,,,Poretics,0.22um,-80.0,environmental,AWIMOCKEVEN2_AO,NGS Illumina Miseq,MSU,TCGACGAG,18S,,,,,,,,,,,,,,,,,,,,,,,,
AWIMOCKEVEN3_AO,AO,AWIMOCKEVEN3_S80_L001_R1_001.fastq.gz,AWIMOCKEVEN3_S80_L001_R2_001.fastq.gz,Francisco Chavez,,,MBARI,,,,,,,,,,,marine biome  (ENVO:00000447),coastal water (ENVO:00001250),waterborne particulate matter (ENVO:01000436),,,USA:California:Monterey Bay,AO39,39.0,AWIMOCKEVEN3,,GTACACACCGCCCGTC,TGATCCTTCTGCAGGTTCACCTAC,,,,Poretics,0.22um,-80.0,environmental,AWIMOCKEVEN3_AO,NGS Illumina Miseq,MSU,GATCGTGT,18S,,,,,,,,,,,,,,,,,,,,,,,,
AWIMOCKEVEN4_AO,AO,AWIMOCKEVEN4_S72_L001_R1_001.fastq.gz,AWIMOCKEVEN4_S72_L001_R2_001.fastq.gz,Francisco Chavez,,,MBARI,,,,,,,,,,,marine biome  (ENVO:00000447),coastal water (ENVO:00001250),waterborne particulate matter (ENVO:01000436),,,USA:California:Monterey Bay,AO40,40.0,AWIMOCKEVEN4,,GTACACACCGCCCGTC,TGATCCTTCTGCAGGTTCACCTAC,,,,Poretics,0.22um,-80.0,environmental,AWIMOCKEVEN4_AO,NGS Illumina Miseq,MSU,GTCAGATA,18S,,,,,,,,,,,,,,,,,,,,,,,,
AWIMOCKEVEN5_AO,AO,AWIMOCKEVEN5_S73_L001_R1_001.fastq.gz,AWIMOCKEVEN5_S73_L001_R2_001.fastq.gz,Francisco Chavez,,,MBARI,,,,,,,,,,,marine biome  (ENVO:00000447),coastal water (ENVO:00001250),waterborne particulate matter (ENVO:01000436),,,USA:California:Monterey Bay,AO41,41.0,AWIMOCKEVEN5,,GTACACACCGCCCGTC,TGATCCTTCTGCAGGTTCACCTAC,,,,Poretics,0.22um,-80.0,environmental,AWIMOCKEVEN5_AO,NGS Illumina Miseq,MSU,CTACTATA,18S,,,,,,,,,,,,,,,,,,,,,,,,
