ASV,Kingdom,Domain,Phylum,Class,Order,Family,Genus,Species,taxonomy,Supergroup
ASV_7928,Eukaryota,Opisthokonta,Mesomycetozoa,Ichthyosporea,Ichthyosphonida,Abeoformidae_Group_MAIP_1,Abeoformidae_Group_MAIP_1_X,AbeoformidaeGroupMAIP1,"Eukaryota,d:Opisthokonta,p:Mesomycetozoa,c:Ichthyosporea,o:Ichthyosphonida,f:Abeoformidae_Group_MAIP_1,g:Abeoformidae_Group_MAIP_1_X,s:Abeoformidae_Group_MAIP_1_X_sp.",not_provided
ASV_2108,Eukaryota,Opisthokonta,Mesomycetozoa,Ichthyosporea,Ichthyosphonida,Abeoformidae_Group_MAIP_2,Abeoformidae_Group_MAIP_2_X,AbeoformidaeGroupMAIP2,"Eukaryota,d:Opisthokonta,p:Mesomycetozoa,c:Ichthyosporea,o:Ichthyosphonida,f:Abeoformidae_Group_MAIP_2,g:Abeoformidae_Group_MAIP_2_X,s:Abeoformidae_Group_MAIP_2_X_sp.",not_provided
ASV_10876,Obazoa,Eukaryota,Ichthyosporea,Ichthyophonida,Abeoformidae,Abeoformidae_Group_MAIP_4,Abeoformidae_Group_MAIP_4_X,AbeoformidaeGroupMAIP4,not_provided,Opisthokonta
ASV_2860,Eukaryota,Rhizaria,Radiolaria,Acantharea,Acantharea_X,Acantharea_XX,Acantharea_XXX,Acantharea,"Eukaryota,d:Rhizaria,p:Radiolaria,c:Acantharea,o:Acantharea_X,f:Acantharea_XX,g:Acantharea_XXX,s:Acantharea_XXX_sp.",not_provided
ASV_10728,TSAR,Eukaryota,Radiolaria,Acantharea,Acantharea_1,Acantharea_1_X,Acantharea_1_XX,Acantharea1,not_provided,Rhizaria
ASV_12532,TSAR,Eukaryota,Radiolaria,Acantharea,Acantharea_2,Acantharea_2b,Acantharea_2b_X,Acantharea2b,not_provided,Rhizaria
ASV_10459,TSAR,Eukaryota,Radiolaria,Acantharea,Acantharea_3,Acantharea_3b,Acantharea_3b_X,Acantharea3b,not_provided,Rhizaria
ASV_4144,Eukaryota,TSAR,Rhizaria,Radiolaria,Acantharea,Acantharea_4,Acantharea_4d,Acantharea4d,Eukaryota;TSAR;Rhizaria;Radiolaria;Acantharea;Acantharea_4;Acantharea_4d;Acantharea_4d_X;Acantharea_4d_X_sp.;,not_provided
ASV_12765,TSAR,Eukaryota,Radiolaria,Acantharea,Acantharea_E,Acantharea_E_X,Acantharea_E_XX,AcanthareaE,not_provided,Rhizaria
ASV_12225,Obazoa,Eukaryota,Choanoflagellata,Choanoflagellatea,Acanthoecida,Acanthoecida_X,Acanthoecida_XX,Acanthoecida,not_provided,Opisthokonta
ASV_8973,Eukaryota,Opisthokonta,Choanoflagellida,Choanoflagellatea,Acanthoecida,Acanthoecidae_Group_G,Acanthoecidae_Group_G_X,AcanthoecidaeGroupG,"Eukaryota,d:Opisthokonta,p:Choanoflagellida,c:Choanoflagellatea,o:Acanthoecida,f:Acanthoecidae_Group_G,g:Acanthoecidae_Group_G_X,s:Acanthoecidae_Group_G_X_sp.",not_provided
ASV_3856,Eukaryota,Eukaryota_X,Ancyromonadida,Ancyromonadida_X,Ancyromonadida_XX,Ancyromonadida_XXX,Ancyromonadida_Group-1,AncyromonadidaGroup-1,Eukaryota;Eukaryota_X;Ancyromonadida;Ancyromonadida_X;Ancyromonadida_XX;Ancyromonadida_XXX;Ancyromonadida_Group-1;Ancyromonadida_Group-1_X,not_provided
ASV_3196,Eukaryota,Alveolata,Apicomplexa,Apicomplexa_X,Apicomplexa_XX,Apicomplexa_XXX,Apicomplexa_XXXX,Apicomplexa,"Eukaryota,d:Alveolata,p:Apicomplexa,c:Apicomplexa_X,o:Apicomplexa_XX,f:Apicomplexa_XXX,g:Apicomplexa_XXXX,s:Apicomplexa_XXXX_sp.",not_provided
ASV_2769,Eukaryota,Apusozoa,Apusomonadidae,Apusomonadidae_Group-1,Apusomonadidae_Group-1_X,Apusomonadidae_Group-1_XX,Apusomonadidae_Group-1_XXX,ApusomonadidaeGroup-1,"Eukaryota,d:Apusozoa,p:Apusomonadidae,c:Apusomonadidae_Group-1,o:Apusomonadidae_Group-1_X,f:Apusomonadidae_Group-1_XX,g:Apusomonadidae_Group-1_XXX,s:Apusomonadidae_Group-1_XXX_sp.",not_provided
ASV_3314,Eukaryota,Rhizaria,Radiolaria,Acantharea,Arthracanthida-Symphyacanthida,Arthracanthida-Symphyacanthida_X,Arthracanthida-Symphyacanthida_XX,Arthracanthida-Symphyacanthida,"Eukaryota,d:Rhizaria,p:Radiolaria,c:Acantharea,o:Arthracanthida-Symphyacanthida,f:Arthracanthida-Symphyacanthida_X,g:Arthracanthida-Symphyacanthida_XX,s:Arthracanthida-Symphyacanthida_XX_sp.",not_provided
ASV_12851,TSAR,Eukaryota,Radiolaria,Polycystinea,Spumellaria,Artiscinae,Artiscinae_X,Artiscinae,not_provided,Rhizaria
ASV_11675,TSAR,Eukaryota,Gyrista,Bacillariophyceae,Bacillariophyceae_X,Bacillariophyceae_XX,Bacillariophyceae_XXX,Bacillariophyceae,not_provided,Stramenopiles
ASV_10803,TSAR,Eukaryota,Bigyra,Bicoecea,Bicoecales,Bicoecaceae,Bicoecaceae_X,Bicoecaceae,not_provided,Stramenopiles
ASV_3859,Eukaryota,Stramenopiles,Opalozoa,Bicoecea,Borokales,Borokaceae,Borokaceae_X,Borokaceae,"Eukaryota,d:Stramenopiles,p:Opalozoa,c:Bicoecea,o:Borokales,f:Borokaceae,g:Borokaceae_X,s:Borokaceae_X_sp.",not_provided
ASV_11929,TSAR,Eukaryota,Cercozoa,Filosa-Thecofilosea,Ebriacea,Botuliformidae,Botuliformidae_X,Botuliformidae,not_provided,Rhizaria
ASV_3089,Eukaryota,Haptista,Haptophyta,Haptophyta_X,Prymnesiophyceae,Prymnesiophyceae_X,Braarudosphaeraceae,Braarudosphaeraceae,Eukaryota;Haptista;Haptophyta;Haptophyta_X;Prymnesiophyceae;Prymnesiophyceae_X;Braarudosphaeraceae;Braarudosphaeraceae_X;Braarudosphaeraceae_X_sp.;,not_provided
ASV_1054,Eukaryota,TSAR,Rhizaria,Cercozoa,Filosa-Thecofilosea,Ventricleftida,CCW10-lineage,CCW10,Eukaryota;TSAR;Rhizaria;Cercozoa;Filosa-Thecofilosea;Ventricleftida;CCW10-lineage;CCW10-lineage_X;CCW10-lineage_X_sp.;,not_provided
ASV_11676,TSAR,Eukaryota,Ciliophora,CONTH_7,CONTH_7_X,CONTH_7_XX,CONTH_7_XXX,CONTH7,not_provided,Alveolata
ASV_13623,TSAR,Eukaryota,Ciliophora,CONThreeP,CONThreeP_X,CONThreeP_XX,CONThreeP_XXX,CONThreeP,not_provided,Alveolata
ASV_10867,Haptista,Eukaryota,Haptophyta_X,Prymnesiophyceae,Calcihaptophycidae,Calcihaptophycidae_X,Calcihaptophycidae_XX,Calcihaptophycidae,not_provided,Haptophyta
ASV_2225,Eukaryota,TSAR,Rhizaria,Radiolaria,Polycystinea,Nassellaria,Cannobotryidae,Cannobotryidae,Eukaryota;TSAR;Rhizaria;Radiolaria;Polycystinea;Nassellaria;Cannobotryidae;Cannobotryidae_X;Cannobotryidae_X_sp.;,not_provided
ASV_7548,Eukaryota,Hacrobia,Centroheliozoa,Centroheliozoa_X,Centroheliozoa_XX,Centroheliozoa_XXX,Centroheliozoa_XXXX,Centroheliozoa,"Eukaryota,d:Hacrobia,p:Centroheliozoa,c:Centroheliozoa_X,o:Centroheliozoa_XX,f:Centroheliozoa_XXX,g:Centroheliozoa_XXXX,s:Centroheliozoa_XXXX_sp.",not_provided
ASV_2493,Eukaryota,TSAR,Alveolata,Apicomplexa,Gregarinomorphea,Eugregarinorida,Cephaloidophoridae,Cephaloidophoridae,Eukaryota;TSAR;Alveolata;Apicomplexa;Gregarinomorphea;Eugregarinorida;Cephaloidophoridae;Cephaloidophoridae_X;Cephaloidophoridae_X_sp.;,not_provided
ASV_4101,Eukaryota,TSAR,Rhizaria,Cercozoa,Cercozoa_X,Cercozoa_XX,Cercozoa_XXX,Cercozoa,Eukaryota;TSAR;Rhizaria;Cercozoa;Cercozoa_X;Cercozoa_XX;Cercozoa_XXX;Cercozoa_XXXX;Cercozoa_XXXX_sp.;,not_provided
ASV_6410,Eukaryota,Rhizaria,Cercozoa,Chlorarachniophyceae,Chlorarachnida,Chlorarachnida_X,Chlorarachnida_XX,Chlorarachnida,"Eukaryota,d:Rhizaria,p:Cercozoa,c:Chlorarachniophyceae,o:Chlorarachnida,f:Chlorarachnida_X,g:Chlorarachnida_XX,s:Chlorarachnida_XX_sp.",not_provided
ASV_7048,Eukaryota,Archaeplastida,Chlorophyta,Chlorophyta_X,Chlorodendrophyceae,Chlorodendrales,Chlorodendraceae,Chlorodendrales,Eukaryota;Archaeplastida;Chlorophyta;Chlorophyta_X;Chlorodendrophyceae;Chlorodendrales;Chlorodendraceae;Chlorodendrales_XX;Chlorodendrales_X_sp.;,not_provided
ASV_6264,Eukaryota,Archaeplastida,Chlorophyta,Chlorophyta_X,Chlorophyta_XX,Chlorophyta_XXX,Chlorophyta_XXXX,Chlorophyta,"Eukaryota,d:Archaeplastida,p:Chlorophyta,c:Chlorophyta_X,o:Chlorophyta_XX,f:Chlorophyta_XXX,g:Chlorophyta_XXXX,s:Chlorophyta_XXXX_sp.",not_provided
ASV_14074,Obazoa,Eukaryota,Choanoflagellata,Choanoflagellatea,Choanoflagellatea_X,Choanoflagellata_XX_Clade-3,Choanoflagellata_XX_Clade-3_X,ChoanoflagellataClade-3,not_provided,Opisthokonta
ASV_5808,Eukaryota,Obazoa,Opisthokonta,Choanoflagellata,Choanoflagellatea,Choanoflagellatea_X,Choanoflagellatea_XX,Choanoflagellatea,Eukaryota;Obazoa;Opisthokonta;Choanoflagellata;Choanoflagellatea;Choanoflagellatea_X;Choanoflagellatea_XX;Choanoflagellatea_XXX;Choanoflagellatea_XXX_sp.;,not_provided
ASV_10906,Obazoa,Eukaryota,Choanoflagellata,Choanoflagellatea,Choanoflagellatea_X,Choanoflagellatea_XX_Group_L,Choanoflagellatea_XXX_Group_L_X,ChoanoflagellateaGroupL,not_provided,Opisthokonta
ASV_5915,Eukaryota,Opisthokonta,Choanoflagellida,Choanoflagellida_X,Choanoflagellida_XX,Choanoflagellida_XXX,Choanoflagellida_XXXX,Choanoflagellida,"Eukaryota,d:Opisthokonta,p:Choanoflagellida,c:Choanoflagellida_X,o:Choanoflagellida_XX,f:Choanoflagellida_XXX,g:Choanoflagellida_XXXX,s:Choanoflagellida_XXXX_sp.",not_provided
ASV_188,Eukaryota,TSAR,Alveolata,Ciliophora,Spirotrichea,Choreotrichida,Choreotrichida_X,Choreotrichida,Eukaryota;TSAR;Alveolata;Ciliophora;Spirotrichea;Choreotrichida;Choreotrichida_X;Choreotrichida_XX;Choreotrichida_XX_sp.;,not_provided
ASV_13918,TSAR,Eukaryota,Ciliophora,Spirotrichea,Choreotrichida-Tintinnina,Choreotrichida-Tintinnina_X,Tintinnina_XX,Choreotrichida-Tintinnina,not_provided,Alveolata
ASV_2721,Eukaryota,TSAR,Stramenopiles,Gyrista,Chrysophyceae,Chrysophyceae_X,Chrysophyceae_XX,Chrysophyceae,Eukaryota;TSAR;Stramenopiles;Gyrista;Chrysophyceae;Chrysophyceae_X;Chrysophyceae_XX;Chrysophyceae_XXX;Chrysophyceae_XXX_sp.;,not_provided
ASV_3019,Eukaryota,Stramenopiles,Ochrophyta,Chrysophyceae,Chrysophyceae_X,Chrysophyceae_Clade-C,Chrysophyceae_Clade-C_X,ChrysophyceaeClade-C,"Eukaryota,d:Stramenopiles,p:Ochrophyta,c:Chrysophyceae,o:Chrysophyceae_X,f:Chrysophyceae_Clade-C,g:Chrysophyceae_Clade-C_X,s:Chrysophyceae_Clade-C_X_sp.",not_provided
ASV_936,Eukaryota,TSAR,Stramenopiles,Gyrista,Chrysophyceae,Chrysophyceae_Clade-EC2H,Chrysophyceae_Clade-EC2H_X,ChrysophyceaeClade-EC2H,Eukaryota;TSAR;Stramenopiles;Gyrista;Chrysophyceae;Chrysophyceae_Clade-EC2H;Chrysophyceae_Clade-EC2H_X;Chrysophyceae_Clade-EC2H_XX;Chrysophyceae_Clade-EC2H_XX_sp.;,not_provided
ASV_2018,Eukaryota,TSAR,Stramenopiles,Gyrista,Chrysophyceae,Chrysophyceae_Clade-EC2I,Chrysophyceae_Clade-EC2I_X,ChrysophyceaeClade-EC2I,Eukaryota;TSAR;Stramenopiles;Gyrista;Chrysophyceae;Chrysophyceae_Clade-EC2I;Chrysophyceae_Clade-EC2I_X;Chrysophyceae_Clade-EC2I_XX;Chrysophyceae_Clade-EC2I_XX_sp.;,not_provided
ASV_5445,Eukaryota,Stramenopiles,Ochrophyta,Chrysophyceae,Chrysophyceae_X,Chrysophyceae_Clade-F,Chrysophyceae_Clade-F_X,ChrysophyceaeClade-F,"Eukaryota,d:Stramenopiles,p:Ochrophyta,c:Chrysophyceae,o:Chrysophyceae_X,f:Chrysophyceae_Clade-F,g:Chrysophyceae_Clade-F_X,s:Chrysophyceae_Clade-F_X_sp.",not_provided
ASV_3052,Eukaryota,Stramenopiles,Ochrophyta,Chrysophyceae,Chrysophyceae_X,Chrysophyceae_Clade-G,Chrysophyceae_Clade-G_X,ChrysophyceaeClade-G,"Eukaryota,d:Stramenopiles,p:Ochrophyta,c:Chrysophyceae,o:Chrysophyceae_X,f:Chrysophyceae_Clade-G,g:Chrysophyceae_Clade-G_X,s:Chrysophyceae_Clade-G_X_sp.",not_provided
ASV_2568,Eukaryota,Stramenopiles,Ochrophyta,Chrysophyceae,Chrysophyceae_X,Chrysophyceae_Clade-H,Chrysophyceae_Clade-H_X,ChrysophyceaeClade-H,"Eukaryota,d:Stramenopiles,p:Ochrophyta,c:Chrysophyceae,o:Chrysophyceae_X,f:Chrysophyceae_Clade-H,g:Chrysophyceae_Clade-H_X,s:Chrysophyceae_Clade-H_X_sp.",not_provided
ASV_6191,Eukaryota,Stramenopiles,Ochrophyta,Chrysophyceae,Chrysophyceae_X,Chrysophyceae_Clade-I,Chrysophyceae_Clade-I_X,ChrysophyceaeClade-I,"Eukaryota,d:Stramenopiles,p:Ochrophyta,c:Chrysophyceae,o:Chrysophyceae_X,f:Chrysophyceae_Clade-I,g:Chrysophyceae_Clade-I_X,s:Chrysophyceae_Clade-I_X_sp.",not_provided
ASV_7007,Eukaryota,Obazoa,Opisthokonta,Fungi,Chytridiomycota,Chytridiales,Chytridiales_X,Chytridiales,Eukaryota;Obazoa;Opisthokonta;Fungi;Chytridiomycota;Chytridiales;Chytridiales_X;Chytridiales_XX;Chytridiales_XX_sp.;,not_provided
ASV_3477,Eukaryota,Opisthokonta,Fungi,Chytridiomycota,Chytridiomycotina,Chytridiomycetes,Chytridiomycetes_X,Chytridiomycetes,"Eukaryota,d:Opisthokonta,p:Fungi,c:Chytridiomycota,o:Chytridiomycotina,f:Chytridiomycetes,g:Chytridiomycetes_X,s:Chytridiomycetes_X_sp.",not_provided
ASV_5196,Eukaryota,TSAR,Alveolata,Ciliophora,Colpodea,Colpodea_X,Colpodida,Colpodida,Eukaryota;TSAR;Alveolata;Ciliophora;Colpodea;Colpodea_X;Colpodida;Colpodida_X;Colpodida_X_sp.;,not_provided
ASV_10645,TSAR,Eukaryota,Gyrista,Coscinodiscophyceae,Coscinodiscophyceae_X,Coscinodiscophyceae_XX,Coscinodiscophyceae_XXX,Coscinodiscophyceae,not_provided,Stramenopiles
ASV_12046,Obazoa,Eukaryota,Metazoa,Arthropoda,Crustacea,Crustacea_X,Crustacea_XX,Crustacea,not_provided,Opisthokonta
ASV_11168,Archaeplastida,Eukaryota,Chlorophyta_X,Mamiellophyceae,Dolichomastigales,Crustomastigaceae,Crustomastigaceae_X,Crustomastigaceae,not_provided,Chlorophyta
ASV_1449,Eukaryota,TSAR,Rhizaria,Cercozoa,Filosa-Thecofilosea,Cryomonadida,Cryomonadida_X,Cryomonadida,Eukaryota;TSAR;Rhizaria;Cercozoa;Filosa-Thecofilosea;Cryomonadida;Cryomonadida_X;Cryomonadida_XX;Cryomonadida_XX_sp.;,not_provided
ASV_956,Eukaryota,Rhizaria,Cercozoa,Filosa-Thecofilosea,Cryomonadida,Cryothecomonas-lineage,Cryothecomonas-lineage_X,Cryothecomonas,"Eukaryota,d:Rhizaria,p:Cercozoa,c:Filosa-Thecofilosea,o:Cryomonadida,f:Cryothecomonas-lineage,g:Cryothecomonas-lineage_X,s:Cryothecomonas-lineage_X_sp.",not_provided
ASV_663,Eukaryota,Cryptista,Cryptophyta,Cryptophyta_X,Cryptophyceae,Cryptomonadales,Cryptomonadales_X,Cryptomonadales,Eukaryota;Cryptista;Cryptophyta;Cryptophyta_X;Cryptophyceae;Cryptomonadales;Cryptomonadales_X;Cryptomonadales_XX;Cryptomonadales_XX_sp.;,not_provided
ASV_5482,Eukaryota,Opisthokonta,Fungi,Cryptomycota,Cryptomycotina,Cryptomycotina_X,Cryptomycotina_XX,Cryptomycotina,"Eukaryota,d:Opisthokonta,p:Fungi,c:Cryptomycota,o:Cryptomycotina,f:Cryptomycotina_X,g:Cryptomycotina_XX,s:Cryptomycotina_XX_sp.",not_provided
ASV_12473,Cryptista,Eukaryota,Cryptophyta_X,Cryptophyceae,Cryptophyceae_X,Basal_Cryptophyceae-1,Basal_Cryptophyceae-1_X,Cryptophyceae-1,not_provided,Cryptophyta
ASV_7421,Eukaryota,Stramenopiles,Ochrophyta,Dictyochophyceae,Dictyochophyceae_X,Dictyochales,Dictyochales_X,Dictyochales,"Eukaryota,d:Stramenopiles,p:Ochrophyta,c:Dictyochophyceae,o:Dictyochophyceae_X,f:Dictyochales,g:Dictyochales_X,s:Dictyochales_X_sp.",not_provided
ASV_3812,Eukaryota,TSAR,Stramenopiles,Gyrista,Dictyochophyceae,Dictyochophyceae_X,Dictyochophyceae_XX,Dictyochophyceae,Eukaryota;TSAR;Stramenopiles;Gyrista;Dictyochophyceae;Dictyochophyceae_X;Dictyochophyceae_XX;Dictyochophyceae_XXX;Dictyochophyceae_XXX_sp.;,not_provided
ASV_12867,TSAR,Eukaryota,Ciliophora,Spirotrichea,Choreotrichida-Tintinnina,Dictyocystidae,Dictyocystidae_X,Dictyocystidae,not_provided,Alveolata
ASV_5434,Eukaryota,TSAR,Alveolata,Ciliophora,Litostomatea,Haptoria_4,Didiniidae,Didiniidae,Eukaryota;TSAR;Alveolata;Ciliophora;Litostomatea;Haptoria_4;Didiniidae;Didiniidae_X;Didiniidae_X_sp.;,not_provided
ASV_119,Eukaryota,Alveolata,Dinoflagellata,Syndiniales,Dino-Group-II,Dino-Group-II-Clade-6,Dino-Group-II-Clade-6_X,Dino,"Eukaryota,d:Alveolata,p:Dinoflagellata,c:Syndiniales,o:Dino-Group-II,f:Dino-Group-II-Clade-6,g:Dino-Group-II-Clade-6_X,s:Dino-Group-II-Clade-6_X_sp.",not_provided
ASV_130,Eukaryota,Alveolata,Dinoflagellata,Dinophyceae,Dinophyceae_X,Dinophyceae_XX,Dinophyceae_XXX,Dinophyceae,"Eukaryota,d:Alveolata,p:Dinoflagellata,c:Dinophyceae,o:Dinophyceae_X,f:Dinophyceae_XX,g:Dinophyceae_XXX,s:Dinophyceae_XXX_sp.",not_provided
ASV_1451,Eukaryota,TSAR,Alveolata,Dinoflagellata,Dinophyta_X,Dinophyta_XX,Dinophyta_XXX,Dinophyta,Eukaryota;TSAR;Alveolata;Dinoflagellata;Dinophyta_X;Dinophyta_XX;Dinophyta_XXX;Dinophyta_XXXX;Dinophyta_XXXX_sp.;,not_provided
ASV_13631,TSAR,Eukaryota,Ciliophora,CONThreeP,CONThreeP_X,Discotrichidae,Discotrichidae_X,Discotrichidae,not_provided,Alveolata
ASV_8455,Eukaryota,Opisthokonta,Fungi,Ascomycota,Pezizomycotina,Dothideomycetes,Dothideomycetes_X,Dothideomycetes,"Eukaryota,d:Opisthokonta,p:Fungi,c:Ascomycota,o:Pezizomycotina,f:Dothideomycetes,g:Dothideomycetes_X,s:Dothideomycetes_X_sp.",not_provided
ASV_5448,Eukaryota,Rhizaria,Cercozoa,Filosa-Thecofilosea,Ebriida,Ebriida_X,Ebriida_XX,Ebriida,"Eukaryota,d:Rhizaria,p:Cercozoa,c:Filosa-Thecofilosea,o:Ebriida,f:Ebriida_X,g:Ebriida_XX,s:Ebriida_XX_sp.",not_provided
ASV_1178,Eukaryota,Obazoa,Opisthokonta,Metazoa,Echinodermata,Echinodermata_X,Echinodermata_XX,Echinodermata,Eukaryota;Obazoa;Opisthokonta;Metazoa;Echinodermata;Echinodermata_X;Echinodermata_XX;Echinodermata_XXX;Echinodermata_XXX_sp.;,not_provided
ASV_9211,Eukaryota,Rhizaria,Cercozoa,Endomyxa,Endomyxa_X,Endo5-lineage,Endo5-lineage_X,Endo5,"Eukaryota,d:Rhizaria,p:Cercozoa,c:Endomyxa,o:Endomyxa_X,f:Endo5-lineage,g:Endo5-lineage_X,s:Endo5-lineage_X_sp.",not_provided
ASV_12542,Archaeplastida,Eukaryota,Rhodophyta_X,Compsopogonophyceae,Erythropeltidales,Erythropeltidales_X,Erythropeltidales_XX,Erythropeltidales,not_provided,Rhodophyta
ASV_14192,TSAR,Eukaryota,Cercozoa,Filosa-Imbricatea,Euglyphida,Euglyphida_X,Euglyphida_XX,Euglyphida,not_provided,Rhizaria
ASV_13395,TSAR,Eukaryota,Apicomplexa,Gregarinomorphea,Eugregarinorida,Eugregarinorida_EUG2,Eugregarinorida_EUG2_X,EugregarinoridaEUG2,not_provided,Alveolata
ASV_2825,Eukaryota,TSAR,Alveolata,Apicomplexa,Gregarinomorphea,Eugregarinorida,Eugregarinorida_EUG3,EugregarinoridaEUG3,Eukaryota;TSAR;Alveolata;Apicomplexa;Gregarinomorphea;Eugregarinorida;Eugregarinorida_EUG3;Eugregarinorida_EUG3_X;Eugregarinorida_EUG3_X_sp.;,not_provided
ASV_7418,Eukaryota,Eukaryota_X,Eukaryota_XX,Eukaryota_XXX,Eukaryota_XXXX,Eukaryota_XXXXX,Eukaryota_XXXXXX,Eukaryota,"Eukaryota,d:Eukaryota_X,p:Eukaryota_XX,c:Eukaryota_XXX,o:Eukaryota_XXXX,f:Eukaryota_XXXXX,g:Eukaryota_XXXXXX,s:Eukaryota_XXXXXX_sp.",not_provided
ASV_3750,Eukaryota,Excavata,Discoba,Euglenozoa,Diplonemea,Diplonemida,Eupelagonemidae,Eupelagonemidae,Eukaryota;Excavata;Discoba;Euglenozoa;Diplonemea;Diplonemida;Eupelagonemidae;Eupelagonemidae_X;Eupelagonemidae_X_sp.;,not_provided
ASV_6952,Eukaryota,Stramenopiles,Ochrophyta,Eustigmatophyceae,Eustigmatophyceae_X,Eustigmatophyceae_XX,Eustigmatophyceae_XXX,Eustigmatophyceae,"Eukaryota,d:Stramenopiles,p:Ochrophyta,c:Eustigmatophyceae,o:Eustigmatophyceae_X,f:Eustigmatophyceae_XX,g:Eustigmatophyceae_XXX,s:Eustigmatophyceae_XXX_sp.",not_provided
ASV_12515,TSAR,Eukaryota,Ciliophora,Spirotrichea,Choreotrichida-Tintinnina,Eutintinnidae,Eutintinnidae_X,Eutintinnidae,not_provided,Alveolata
ASV_5778,Eukaryota,TSAR,Rhizaria,Cercozoa,Filosa-Imbricatea,Filosa-Imbricatea_X,Filosa-Imbricatea_XX,Filosa-Imbricatea,Eukaryota;TSAR;Rhizaria;Cercozoa;Filosa-Imbricatea;Filosa-Imbricatea_X;Filosa-Imbricatea_XX;Filosa-Imbricatea_XXX;Filosa-Imbricatea_XXX_sp.;,not_provided
ASV_9314,Eukaryota,Rhizaria,Cercozoa,Filosa-Thecofilosea,Filosa-Thecofilosea_X,Filosa-Thecofilosea_XX,Filosa-Thecofilosea_XXX,Filosa-Thecofilosea,"Eukaryota,d:Rhizaria,p:Cercozoa,c:Filosa-Thecofilosea,o:Filosa-Thecofilosea_X,f:Filosa-Thecofilosea_XX,g:Filosa-Thecofilosea_XXX,s:Filosa-Thecofilosea_XXX_sp.",not_provided
ASV_13392,Amoebozoa,Eukaryota,Tubulinea_X,Elardia,Leptomyxida,Flabellulidae,Flabellulidae_X,Flabellulidae,not_provided,Tubulinea
ASV_2086,Eukaryota,TSAR,Stramenopiles,Gyrista,Dictyochophyceae,Dictyochophyceae_X,Florenciellales,Florenciellales,Eukaryota;TSAR;Stramenopiles;Gyrista;Dictyochophyceae;Dictyochophyceae_X;Florenciellales;Florenciellales_X;Florenciellales_X_sp.;,not_provided
ASV_13407,TSAR,Eukaryota,Ciliophora,Oligohymenophorea,Apostomatia,Foettingeriidae,Foettingeriidae_X,Foettingeriidae,not_provided,Alveolata
ASV_5235,Eukaryota,TSAR,Alveolata,Ciliophora,Heterotrichea,Heterotrichea_X,Folliculinidae,Folliculinidae,Eukaryota;TSAR;Alveolata;Ciliophora;Heterotrichea;Heterotrichea_X;Folliculinidae;Folliculinidae_X;Folliculinidae_X_sp.;,not_provided
ASV_2302,Eukaryota,TSAR,Rhizaria,Foraminifera,Foraminifera_X,Foraminifera_XX,Foraminifera_XXX,Foraminifera,Eukaryota;TSAR;Rhizaria;Foraminifera;Foraminifera_X;Foraminifera_XX;Foraminifera_XXX;Foraminifera_XXXX;Foraminifera_XXXX_sp.;,not_provided
ASV_12949,TSAR,Eukaryota,Ciliophora,Oligohymenophorea,Peniculia,Frontoniidae_1,Frontoniidae_1_X,Frontoniidae1,not_provided,Alveolata
ASV_2765,Eukaryota,Opisthokonta,Fungi,Fungi_X,Fungi_XX,Fungi_XXX,Fungi_XXXX,Fungi,"Eukaryota,d:Opisthokonta,p:Fungi,c:Fungi_X,o:Fungi_XX,f:Fungi_XXX,g:Fungi_XXXX,s:Fungi_XXXX_sp.",not_provided
ASV_12478,Cryptista,Eukaryota,Cryptophyta_X,Cryptophyceae,Goniomonadales,Goniomonadales_X,Goniomonadales_XX,Goniomonadales,not_provided,Cryptophyta
ASV_5729,Eukaryota,TSAR,Alveolata,Apicomplexa,Gregarinomorphea,Gregarinomorphea_X_GRE1,Gregarinomorphea_X_GRE1_X,GregarinomorpheaGRE1,Eukaryota;TSAR;Alveolata;Apicomplexa;Gregarinomorphea;Gregarinomorphea_X_GRE1;Gregarinomorphea_X_GRE1_X;Gregarinomorphea_X_GRE1_XX;Gregarinomorphea_X_GRE1_XX_sp.;,not_provided
ASV_5383,Eukaryota,TSAR,Stramenopiles,Gyrista,Peronosporomycetes,Peronosporomycetes_X,Haliphthorales,Haliphthorales,Eukaryota;TSAR;Stramenopiles;Gyrista;Peronosporomycetes;Peronosporomycetes_X;Haliphthorales;Haliphthorales_X;Haliphthorales_X_sp.;,not_provided
ASV_2828,Eukaryota,Haptista,Haptophyta,Haptophyta_X,Haptophyta_Clade_HAP2,Haptophyta_Clade_HAP2_X,Haptophyta_Clade_HAP2_XX,HaptophytaCladeHAP2,Eukaryota;Haptista;Haptophyta;Haptophyta_X;Haptophyta_Clade_HAP2;Haptophyta_Clade_HAP2_X;Haptophyta_Clade_HAP2_XX;Haptophyta_Clade_HAP2_XXX;Haptophyta_Clade_HAP2_XXX_sp.;,not_provided
ASV_2611,Eukaryota,Hacrobia,Haptophyta,Haptophyta_Clade_HAP3,Haptophyta_Clade_HAP3_X,Haptophyta_Clade_HAP3_XX,Haptophyta_Clade_HAP3_XXX,HaptophytaCladeHAP3,"Eukaryota,d:Hacrobia,p:Haptophyta,c:Haptophyta_Clade_HAP3,o:Haptophyta_Clade_HAP3_X,f:Haptophyta_Clade_HAP3_XX,g:Haptophyta_Clade_HAP3_XXX,s:Haptophyta_Clade_HAP3_XXX_sp.",not_provided
ASV_7753,Eukaryota,Haptista,Haptophyta,Haptophyta_X,Haptophyta_Clade_HAP4,Haptophyta_Clade_HAP4_X,Haptophyta_Clade_HAP4_XX,HaptophytaCladeHAP4,Eukaryota;Haptista;Haptophyta;Haptophyta_X;Haptophyta_Clade_HAP4;Haptophyta_Clade_HAP4_X;Haptophyta_Clade_HAP4_XX;Haptophyta_Clade_HAP4_XXX;Haptophyta_Clade_HAP4_XXX_sp.;,not_provided
ASV_6898,Eukaryota,Hacrobia,Haptophyta,Haptophyta_Clade_HAP5,Haptophyta_Clade_HAP5_X,Haptophyta_Clade_HAP5_XX,Haptophyta_Clade_HAP5_XXX,HaptophytaCladeHAP5,"Eukaryota,d:Hacrobia,p:Haptophyta,c:Haptophyta_Clade_HAP5,o:Haptophyta_Clade_HAP5_X,f:Haptophyta_Clade_HAP5_XX,g:Haptophyta_Clade_HAP5_XXX,s:Haptophyta_Clade_HAP5_XXX_sp.",not_provided
ASV_7783,Eukaryota,TSAR,Alveolata,Ciliophora,Phyllopharyngea,Cyrtophoria_7,Hartmannulidae,Hartmannulidae,Eukaryota;TSAR;Alveolata;Ciliophora;Phyllopharyngea;Cyrtophoria_7;Hartmannulidae;Hartmannulidae_X;Hartmannulidae_X_sp.;,not_provided
ASV_11509,TSAR,Eukaryota,Gyrista,Coscinodiscophyceae,Coscinodiscales,Hemidiscaceae,Hemidiscaceae_X,Hemidiscaceae,not_provided,Stramenopiles
ASV_13015,TSAR,Eukaryota,Ciliophora,Heterotrichea,Heterotrichea_X,Heterotrichea_XX,Heterotrichea_XXX,Heterotrichea,not_provided,Alveolata
ASV_496,Eukaryota,Opisthokonta,Metazoa,Cnidaria,Cnidaria_X,Hydrozoa,Hydrozoa_X,Hydrozoa,"Eukaryota,d:Opisthokonta,p:Metazoa,c:Cnidaria,o:Cnidaria_X,f:Hydrozoa,g:Hydrozoa_X,s:Hydrozoa_X_sp.",not_provided
ASV_4278,Eukaryota,TSAR,Stramenopiles,Gyrista,Chrysophyceae,Hydrurales,Hydrurales_Clade-II,HydruralesClade-II,Eukaryota;TSAR;Stramenopiles;Gyrista;Chrysophyceae;Hydrurales;Hydrurales_Clade-II;Hydrurales_Clade-II_X;Hydrurales_Clade-II_X_sp.;,not_provided
ASV_13706,TSAR,Eukaryota,Ciliophora,Spirotrichea,Hypotrichia,Hypotrichia_X,Hypotrichia_XX,Hypotrichia,not_provided,Alveolata
ASV_9707,Eukaryota,Excavata,Discoba,Euglenozoa,Kinetoplastea,Prokinetoplastida,Ichthyobodonidae,Ichthyobodonidae,Eukaryota;Excavata;Discoba;Euglenozoa;Kinetoplastea;Prokinetoplastida;Ichthyobodonidae;Ichthyobodonidae_X;Ichthyobodonidae_X_sp.;,not_provided
ASV_10853,Obazoa,Eukaryota,Ichthyosporea,Ichthyophonida,Ichthyophonida_X,Ichthyophonida_XX,Ichthyophonida_XXX,Ichthyophonida,not_provided,Opisthokonta
ASV_3263,Eukaryota,Opisthokonta,Mesomycetozoa,Ichthyosporea,Ichthyosphonida,Ichthyosphonida_X,Ichthyosphonida_XX,Ichthyosphonida,"Eukaryota,d:Opisthokonta,p:Mesomycetozoa,c:Ichthyosporea,o:Ichthyosphonida,f:Ichthyosphonida_X,g:Ichthyosphonida_XX,s:Ichthyosphonida_XX_sp.",not_provided
ASV_1344,Eukaryota,Cryptista,Kathablepharidacea,Kathablepharida,Kathablepharidea,Kathablepharidida,Kathablepharidida_X,Kathablepharidida,Eukaryota;Cryptista;Kathablepharidacea;Kathablepharida;Kathablepharidea;Kathablepharidida;Kathablepharidida_X;Kathablepharidida_XX;Kathablepharidida_XX_sp.;,not_provided
ASV_4511,Eukaryota,Excavata,Discoba,Euglenozoa,Kinetoplastea,Kinetoplastea_X,Kinetoplastea_XX,KinetoplasteaMET6,Eukaryota;Excavata;Discoba;Euglenozoa;Kinetoplastea;Kinetoplastea_X;Kinetoplastea_XX;Kinetoplastea_XX_MET6;Kinetoplastea_XX_MET6_sp.;,not_provided
ASV_3349,Eukaryota,TSAR,Rhizaria,Cercozoa,Chlorarachniophyceae,Chlorarachniophyceae_X,LC104-lineage,LC104,Eukaryota;TSAR;Rhizaria;Cercozoa;Chlorarachniophyceae;Chlorarachniophyceae_X;LC104-lineage;LC104-lineage_X;LC104-lineage_X_sp.;,not_provided
ASV_3728,Eukaryota,Stramenopiles,Sagenista,Labyrinthulomycetes,Labyrinthulales,Labyrinthulaceae,Labyrinthulaceae_X,Labyrinthulaceae,"Eukaryota,d:Stramenopiles,p:Sagenista,c:Labyrinthulomycetes,o:Labyrinthulales,f:Labyrinthulaceae,g:Labyrinthulaceae_X,s:Labyrinthulaceae_X_sp.",not_provided
ASV_11067,TSAR,Eukaryota,Bigyra,Sagenista,Labyrinthulomycetes,Labyrinthulomycetes_LAB10,Labyrinthulomycetes_LAB10_X,LabyrinthulomycetesLAB10,not_provided,Stramenopiles
ASV_12453,TSAR,Eukaryota,Bigyra,Sagenista,Labyrinthulomycetes,Labyrinthulomycetes_LAB13,Labyrinthulomycetes_LAB13_X,LabyrinthulomycetesLAB13,not_provided,Stramenopiles
ASV_10639,TSAR,Eukaryota,Bigyra,Sagenista,Labyrinthulomycetes,Labyrinthulomycetes_LAB14,Labyrinthulomycetes_LAB14_X,LabyrinthulomycetesLAB14,not_provided,Stramenopiles
ASV_12869,TSAR,Eukaryota,Bigyra,Sagenista,Labyrinthulomycetes,Labyrinthulomycetes_LAB2,Labyrinthulomycetes_LAB2_X,LabyrinthulomycetesLAB2,not_provided,Stramenopiles
ASV_12674,TSAR,Eukaryota,Bigyra,Sagenista,Labyrinthulomycetes,Labyrinthulomycetes_LAB4,Labyrinthulomycetes_LAB4_X,LabyrinthulomycetesLAB4,not_provided,Stramenopiles
ASV_14251,TSAR,Eukaryota,Bigyra,Sagenista,Labyrinthulomycetes,Labyrinthulomycetes_LAB5,Labyrinthulomycetes_LAB5_X,LabyrinthulomycetesLAB5,not_provided,Stramenopiles
ASV_10934,TSAR,Eukaryota,Bigyra,Sagenista,Labyrinthulomycetes,Labyrinthulomycetes_LAB7,Labyrinthulomycetes_LAB7_X,LabyrinthulomycetesLAB7,not_provided,Stramenopiles
ASV_12513,TSAR,Eukaryota,Bigyra,Sagenista,Labyrinthulomycetes,Labyrinthulomycetes_LAB9,Labyrinthulomycetes_LAB9_X,LabyrinthulomycetesLAB9,not_provided,Stramenopiles
ASV_12572,TSAR,Eukaryota,Radiolaria,Polycystinea,Spumellaria,Liosphaeroidea_X,Liosphaeroidea_XX,Liosphaeroidea,not_provided,Rhizaria
ASV_11830,TSAR,Eukaryota,Ciliophora,Litostomatea,Litostomatea_X,Litostomatea_XX,Litostomatea_XXX,Litostomatea,not_provided,Alveolata
ASV_10868,TSAR,Eukaryota,Radiolaria,Polycystinea,Nassellaria,Lophophaenidae,Lophophaenidae_X,Lophophaenidae,not_provided,Rhizaria
ASV_332,Eukaryota,TSAR,Stramenopiles,Bigyra,Sagenista,Sagenista_X,MAST-10,MAST-10,Eukaryota;TSAR;Stramenopiles;Bigyra;Sagenista;Sagenista_X;MAST-10;MAST-10_X;MAST-10_X_sp.;,not_provided
ASV_3313,Eukaryota,Stramenopiles,Sagenista,MAST-11,MAST-11_X,MAST-11_XX,MAST-11_XXX,MAST-11,"Eukaryota,d:Stramenopiles,p:Sagenista,c:MAST-11,o:MAST-11_X,f:MAST-11_XX,g:MAST-11_XXX,s:MAST-11_XXX_sp.",not_provided
ASV_8484,Eukaryota,Stramenopiles,Opalozoa,MAST-12,MAST-12_X,MAST-12_XX,MAST-12_XXX,MAST-12,"Eukaryota,d:Stramenopiles,p:Opalozoa,c:MAST-12,o:MAST-12_X,f:MAST-12_XX,g:MAST-12_XXX,s:MAST-12_XXX_sp.",not_provided
ASV_2672,Eukaryota,Stramenopiles,Opalozoa,MAST-12,MAST-12A,MAST-12A_X,MAST-12A_XX,MAST-12A,"Eukaryota,d:Stramenopiles,p:Opalozoa,c:MAST-12,o:MAST-12A,f:MAST-12A_X,g:MAST-12A_XX,s:MAST-12A_XX_sp.",not_provided
ASV_886,Eukaryota,Stramenopiles,Opalozoa,MAST-12,MAST-12D,MAST-12D_X,MAST-12D_XX,MAST-12D,"Eukaryota,d:Stramenopiles,p:Opalozoa,c:MAST-12,o:MAST-12D,f:MAST-12D_X,g:MAST-12D_XX,s:MAST-12D_XX_sp.",not_provided
ASV_3006,Eukaryota,Stramenopiles,Opalozoa,MAST-12,MAST-12E,MAST-12E_X,MAST-12E_XX,MAST-12E,"Eukaryota,d:Stramenopiles,p:Opalozoa,c:MAST-12,o:MAST-12E,f:MAST-12E_X,g:MAST-12E_XX,s:MAST-12E_XX_sp.",not_provided
ASV_2469,Eukaryota,Stramenopiles,Pseudofungi,MAST-1,MAST-1A,MAST-1A_X,MAST-1A_XX,MAST-1A,"Eukaryota,d:Stramenopiles,p:Pseudofungi,c:MAST-1,o:MAST-1A,f:MAST-1A_X,g:MAST-1A_XX,s:MAST-1A_XX_sp.",not_provided
ASV_7582,Eukaryota,Stramenopiles,Pseudofungi,MAST-1,MAST-1B,MAST-1B_X,MAST-1B_XX,MAST-1B,"Eukaryota,d:Stramenopiles,p:Pseudofungi,c:MAST-1,o:MAST-1B,f:MAST-1B_X,g:MAST-1B_XX,s:MAST-1B_XX_sp.",not_provided
ASV_560,Eukaryota,Stramenopiles,Pseudofungi,MAST-1,MAST-1C,MAST-1C_X,MAST-1C_XX,MAST-1C,"Eukaryota,d:Stramenopiles,p:Pseudofungi,c:MAST-1,o:MAST-1C,f:MAST-1C_X,g:MAST-1C_XX,s:MAST-1C_XX_sp.",not_provided
ASV_1072,Eukaryota,TSAR,Stramenopiles,Gyrista,Gyrista_X,Gyrista_XX,MAST-2,MAST-2,Eukaryota;TSAR;Stramenopiles;Gyrista;Gyrista_X;Gyrista_XX;MAST-2;MAST-2_X;MAST-2_X_sp.;,not_provided
ASV_10685,TSAR,Eukaryota,Stramenopiles_X,Stramenopiles_XX,Stramenopiles_XXX,MAST-25,MAST-25_X,MAST-25,not_provided,Stramenopiles
ASV_2393,Eukaryota,Stramenopiles,Opalozoa,MAST-3,MAST-3_X,MAST-3_XX,MAST-3_XXX,MAST-3,"Eukaryota,d:Stramenopiles,p:Opalozoa,c:MAST-3,o:MAST-3_X,f:MAST-3_XX,g:MAST-3_XXX,s:MAST-3_XXX_sp.",not_provided
ASV_3190,Eukaryota,Stramenopiles,Opalozoa,MAST-3,MAST-3A,MAST-3A_X,MAST-3A_XX,MAST-3A,"Eukaryota,d:Stramenopiles,p:Opalozoa,c:MAST-3,o:MAST-3A,f:MAST-3A_X,g:MAST-3A_XX,s:MAST-3A_XX_sp.",not_provided
ASV_7645,Eukaryota,Stramenopiles,Opalozoa,MAST-3,MAST-3D,MAST-3D_X,MAST-3D_XX,MAST-3D,"Eukaryota,d:Stramenopiles,p:Opalozoa,c:MAST-3,o:MAST-3D,f:MAST-3D_X,g:MAST-3D_XX,s:MAST-3D_XX_sp.",not_provided
ASV_2101,Eukaryota,Stramenopiles,Opalozoa,MAST-3,MAST-3E,MAST-3E_X,MAST-3E_XX,MAST-3E,"Eukaryota,d:Stramenopiles,p:Opalozoa,c:MAST-3,o:MAST-3E,f:MAST-3E_X,g:MAST-3E_XX,s:MAST-3E_XX_sp.",not_provided
ASV_1127,Eukaryota,Stramenopiles,Opalozoa,MAST-3,MAST-3F,MAST-3F_X,MAST-3F_XX,MAST-3F,"Eukaryota,d:Stramenopiles,p:Opalozoa,c:MAST-3,o:MAST-3F,f:MAST-3F_X,g:MAST-3F_XX,s:MAST-3F_XX_sp.",not_provided
ASV_5881,Eukaryota,Stramenopiles,Opalozoa,MAST-3,MAST-3G,MAST-3G_X,MAST-3G_XX,MAST-3G,"Eukaryota,d:Stramenopiles,p:Opalozoa,c:MAST-3,o:MAST-3G,f:MAST-3G_X,g:MAST-3G_XX,s:MAST-3G_XX_sp.",not_provided
ASV_2318,Eukaryota,Stramenopiles,Opalozoa,MAST-3,MAST-3I,MAST-3I_X,MAST-3I_XX,MAST-3I,"Eukaryota,d:Stramenopiles,p:Opalozoa,c:MAST-3,o:MAST-3I,f:MAST-3I_X,g:MAST-3I_XX,s:MAST-3I_XX_sp.",not_provided
ASV_2033,Eukaryota,Stramenopiles,Opalozoa,MAST-3,MAST-3J,MAST-3J_X,MAST-3J_XX,MAST-3J,"Eukaryota,d:Stramenopiles,p:Opalozoa,c:MAST-3,o:MAST-3J,f:MAST-3J_X,g:MAST-3J_XX,s:MAST-3J_XX_sp.",not_provided
ASV_3690,Eukaryota,Stramenopiles,Opalozoa,MAST-3,MAST-3L,MAST-3L_X,MAST-3L_XX,MAST-3L,"Eukaryota,d:Stramenopiles,p:Opalozoa,c:MAST-3,o:MAST-3L,f:MAST-3L_X,g:MAST-3L_XX,s:MAST-3L_XX_sp.",not_provided
ASV_5357,Eukaryota,Stramenopiles,Sagenista,MAST-4,MAST-4A,MAST-4A_X,MAST-4A_XX,MAST-4A,"Eukaryota,d:Stramenopiles,p:Sagenista,c:MAST-4,o:MAST-4A,f:MAST-4A_X,g:MAST-4A_XX,s:MAST-4A_XX_sp.",not_provided
ASV_2067,Eukaryota,Stramenopiles,Sagenista,MAST-4,MAST-4C,MAST-4C_X,MAST-4C_XX,MAST-4C,"Eukaryota,d:Stramenopiles,p:Sagenista,c:MAST-4,o:MAST-4C,f:MAST-4C_X,g:MAST-4C_XX,s:MAST-4C_XX_sp.",not_provided
ASV_7900,Eukaryota,Stramenopiles,Sagenista,MAST-4,MAST-4D,MAST-4D_X,MAST-4D_XX,MAST-4D,"Eukaryota,d:Stramenopiles,p:Sagenista,c:MAST-4,o:MAST-4D,f:MAST-4D_X,g:MAST-4D_XX,s:MAST-4D_XX_sp.",not_provided
ASV_6912,Eukaryota,Stramenopiles,Sagenista,MAST-4,MAST-4E,MAST-4E_X,MAST-4E_XX,MAST-4E,"Eukaryota,d:Stramenopiles,p:Sagenista,c:MAST-4,o:MAST-4E,f:MAST-4E_X,g:MAST-4E_XX,s:MAST-4E_XX_sp.",not_provided
ASV_1281,Eukaryota,TSAR,Stramenopiles,Bigyra,Sagenista,Pseudophyllomitidae,MAST-6,MAST-6,Eukaryota;TSAR;Stramenopiles;Bigyra;Sagenista;Pseudophyllomitidae;MAST-6;MAST-6_X;MAST-6_X_sp.;,not_provided
ASV_11181,TSAR,Eukaryota,Bigyra,Sagenista,Sagenista_X,MAST-7,MAST-7_X,MAST-7,not_provided,Stramenopiles
ASV_8534,Eukaryota,Stramenopiles,Sagenista,MAST-7,MAST-7A,MAST-7A_X,MAST-7A_XX,MAST-7A,"Eukaryota,d:Stramenopiles,p:Sagenista,c:MAST-7,o:MAST-7A,f:MAST-7A_X,g:MAST-7A_XX,s:MAST-7A_XX_sp.",not_provided
ASV_2075,Eukaryota,Stramenopiles,Sagenista,MAST-7,MAST-7B,MAST-7B_X,MAST-7B_XX,MAST-7B,"Eukaryota,d:Stramenopiles,p:Sagenista,c:MAST-7,o:MAST-7B,f:MAST-7B_X,g:MAST-7B_XX,s:MAST-7B_XX_sp.",not_provided
ASV_7594,Eukaryota,Stramenopiles,Sagenista,MAST-7,MAST-7C,MAST-7C_X,MAST-7C_XX,MAST-7C,"Eukaryota,d:Stramenopiles,p:Sagenista,c:MAST-7,o:MAST-7C,f:MAST-7C_X,g:MAST-7C_XX,s:MAST-7C_XX_sp.",not_provided
ASV_6948,Eukaryota,Stramenopiles,Sagenista,MAST-7,MAST-7E,MAST-7E_X,MAST-7E_XX,MAST-7E,"Eukaryota,d:Stramenopiles,p:Sagenista,c:MAST-7,o:MAST-7E,f:MAST-7E_X,g:MAST-7E_XX,s:MAST-7E_XX_sp.",not_provided
ASV_2735,Eukaryota,Stramenopiles,Sagenista,MAST-8,MAST-8B,MAST-8B_X,MAST-8B_XX,MAST-8B,"Eukaryota,d:Stramenopiles,p:Sagenista,c:MAST-8,o:MAST-8B,f:MAST-8B_X,g:MAST-8B_XX,s:MAST-8B_XX_sp.",not_provided
ASV_5912,Eukaryota,Stramenopiles,Sagenista,MAST-8,MAST-8D,MAST-8D_X,MAST-8D_XX,MAST-8D,"Eukaryota,d:Stramenopiles,p:Sagenista,c:MAST-8,o:MAST-8D,f:MAST-8D_X,g:MAST-8D_XX,s:MAST-8D_XX_sp.",not_provided
ASV_12565,TSAR,Eukaryota,Gyrista,MOCH-1,MOCH-1_X,MOCH-1_XX,MOCH-1_XXX,MOCH-1,not_provided,Stramenopiles
ASV_1525,Eukaryota,TSAR,Stramenopiles,Gyrista,MOCH-2,MOCH-2_X,MOCH-2_XX,MOCH-2,Eukaryota;TSAR;Stramenopiles;Gyrista;MOCH-2;MOCH-2_X;MOCH-2_XX;MOCH-2_XXX;MOCH-2_XXX_sp.;,not_provided
ASV_2429,Eukaryota,Stramenopiles,Ochrophyta,MOCH-3,MOCH-3_X,MOCH-3_XX,MOCH-3_XXX,MOCH-3,"Eukaryota,d:Stramenopiles,p:Ochrophyta,c:MOCH-3,o:MOCH-3_X,f:MOCH-3_XX,g:MOCH-3_XXX,s:MOCH-3_XXX_sp.",not_provided
ASV_1319,Eukaryota,TSAR,Stramenopiles,Gyrista,MOCH-4,MOCH-4_X,MOCH-4_XX,MOCH-4,Eukaryota;TSAR;Stramenopiles;Gyrista;MOCH-4;MOCH-4_X;MOCH-4_XX;MOCH-4_XXX;MOCH-4_XXX_sp.;,not_provided
ASV_6418,Eukaryota,TSAR,Stramenopiles,Gyrista,MOCH-5,MOCH-5_X,MOCH-5_XX,MOCH-5,Eukaryota;TSAR;Stramenopiles;Gyrista;MOCH-5;MOCH-5_X;MOCH-5_XX;MOCH-5_XXX;MOCH-5_XXX_sp.;,not_provided
ASV_4233,Eukaryota,Amoebozoa,Evosea,Evosea_X,Variosea,Variosea_X,Mariager-Fjord-lineage,Mariager-Fjord,Eukaryota;Amoebozoa;Evosea;Evosea_X;Variosea;Variosea_X;Mariager-Fjord-lineage;Mariager-Fjord-lineage_X;Mariager-Fjord-lineage_X_sp.;,not_provided
ASV_10334,TSAR,Eukaryota,Cercozoa,Filosa-Imbricatea,Marimonadida,Marimonadida_X,Marimonadida_XX,Marimonadida,not_provided,Rhizaria
ASV_1355,Eukaryota,TSAR,Rhizaria,Cercozoa,Filosa-Thecofilosea,Filosa-Thecofilosea_X,Mataza-lineage,Mataza,Eukaryota;TSAR;Rhizaria;Cercozoa;Filosa-Thecofilosea;Filosa-Thecofilosea_X;Mataza-lineage;Mataza-lineage_X;Mataza-lineage_X_sp.;,not_provided
ASV_40,Eukaryota,Obazoa,Opisthokonta,Metazoa,Arthropoda,Crustacea,Maxillopoda,Maxillopoda,Eukaryota;Obazoa;Opisthokonta;Metazoa;Arthropoda;Crustacea;Maxillopoda;Maxillopoda_X;Maxillopoda_X_sp.;,not_provided
ASV_5789,Eukaryota,TSAR,Stramenopiles,Gyrista,Mediophyceae,Mediophyceae_X,Mediophyceae_XX,Mediophyceae,Eukaryota;TSAR;Stramenopiles;Gyrista;Mediophyceae;Mediophyceae_X;Mediophyceae_XX;Mediophyceae_XXX;Mediophyceae_XXX_sp.;,not_provided
ASV_3684,Eukaryota,Opisthokonta,Choanoflagellida,Choanoflagellatea,Craspedida,Monosigidae_Group_B,Monosigidae_Group_B_X,MonosigidaeGroupB,"Eukaryota,d:Opisthokonta,p:Choanoflagellida,c:Choanoflagellatea,o:Craspedida,f:Monosigidae_Group_B,g:Monosigidae_Group_B_X,s:Monosigidae_Group_B_X_sp.",not_provided
ASV_11416,Obazoa,Eukaryota,Choanoflagellata,Choanoflagellatea,Craspedida,Monosigidae_Group_M,Monosigidae_Group_M_X,MonosigidaeGroupM,not_provided,Opisthokonta
ASV_5368,Eukaryota,TSAR,Rhizaria,Foraminifera,Monothalamids,Monothalamids_X,Monothalamids_XX,Monothalamids,Eukaryota;TSAR;Rhizaria;Foraminifera;Monothalamids;Monothalamids_X;Monothalamids_XX;Monothalamids_XXX;Monothalamids_XXX_sp.;,not_provided
ASV_13166,Obazoa,Eukaryota,Fungi,Mucoromycota,Mucoromycotina,Mucoromycotina_X,Mucoromycotina_XX,Mucoromycotina,not_provided,Opisthokonta
ASV_262,Eukaryota,TSAR,Rhizaria,Cercozoa,Chlorarachniophyceae,Chlorarachniophyceae_X,NPK2-lineage,NPK2,Eukaryota;TSAR;Rhizaria;Cercozoa;Chlorarachniophyceae;Chlorarachniophyceae_X;NPK2-lineage;NPK2-lineage_X;NPK2-lineage_X_sp.;,not_provided
ASV_11215,TSAR,Eukaryota,Gyrista,Bacillariophyceae,Naviculales,Naviculaceae,Naviculaceae_X,Naviculaceae,not_provided,Stramenopiles
ASV_11800,TSAR,Eukaryota,Cercozoa,Filosa-Thecofilosea,Filosa-Thecofilosea_X,Novel-Clade-4,Novel-Clade-4_X,Novel-Clade-4,not_provided,Rhizaria
ASV_13160,TSAR,Eukaryota,Cercozoa,Filosa-Granofilosea,Filosa-Granofilosea_X,Novel-Gran-234,Novel-Gran-234_X,Novel-Gran-234,not_provided,Rhizaria
ASV_5420,Eukaryota,TSAR,Rhizaria,Cercozoa,Filosa-Granofilosea,Filosa-Granofilosea_X,Novel-Gran-6,Novel-Gran-6,Eukaryota;TSAR;Rhizaria;Cercozoa;Filosa-Granofilosea;Filosa-Granofilosea_X;Novel-Gran-6;Novel-Gran-6_X;Novel-Gran-6_X_sp.;,not_provided
ASV_381,Eukaryota,TSAR,Rhizaria,Cercozoa,Filosa-Imbricatea,Filosa-Imbricatea_X,Novel-clade-2,Novel-clade-2,Eukaryota;TSAR;Rhizaria;Cercozoa;Filosa-Imbricatea;Filosa-Imbricatea_X;Novel-clade-2;Novel-clade-2_X;Novel-clade-2_X_sp.;,not_provided
ASV_1298,Eukaryota,TSAR,Alveolata,Ciliophora,Oligohymenophorea,OLIGO5,OLIGO5_X,OLIGO5,Eukaryota;TSAR;Alveolata;Ciliophora;Oligohymenophorea;OLIGO5;OLIGO5_X;OLIGO5_XX;OLIGO5_XX_sp.;,not_provided
ASV_10690,TSAR,Eukaryota,Gyrista,Chrysophyceae,Ochromonadales,Ochromonadales_X,Ochromonadales_XX,Ochromonadales,not_provided,Stramenopiles
ASV_5895,Eukaryota,Alveolata,Ciliophora,Oligohymenophorea,Oligohymenophorea_X,Oligohymenophorea_XX,Oligohymenophorea_XXX,Oligohymenophorea,"Eukaryota,d:Alveolata,p:Ciliophora,c:Oligohymenophorea,o:Oligohymenophorea_X,f:Oligohymenophorea_XX,g:Oligohymenophorea_XXX,s:Oligohymenophorea_XXX_sp.",not_provided
ASV_448,Eukaryota,TSAR,Alveolata,Ciliophora,Spirotrichea,Oligotrichida,Oligotrichida_X,Oligotrichida,Eukaryota;TSAR;Alveolata;Ciliophora;Spirotrichea;Oligotrichida;Oligotrichida_X;Oligotrichida_XX;Oligotrichida_XX_sp.;,not_provided
ASV_777,Eukaryota,Stramenopiles,Pseudofungi,Oomycota,Oomycota_X,Oomycota_XX,Oomycota_XXX,Oomycota,"Eukaryota,d:Stramenopiles,p:Pseudofungi,c:Oomycota,o:Oomycota_X,f:Oomycota_XX,g:Oomycota_XXX,s:Oomycota_XXX_sp.",not_provided
ASV_5417,Eukaryota,Obazoa,Opisthokonta,Opisthokonta_X,Opisthokonta_XX,Opisthokonta_XXX,Opisthokonta_XXXX,Opisthokonta,Eukaryota;Obazoa;Opisthokonta;Opisthokonta_X;Opisthokonta_XX;Opisthokonta_XXX;Opisthokonta_XXXX;Opisthokonta_XXXXX;Opisthokonta_XXXXX_sp.;,not_provided
ASV_5800,Eukaryota,TSAR,Alveolata,Ciliophora,Spirotrichea,Hypotrichia,Oxytrichidae,Oxytrichidae,Eukaryota;TSAR;Alveolata;Ciliophora;Spirotrichea;Hypotrichia;Oxytrichidae;Oxytrichidae_X;Oxytrichidae_X_sp.;,not_provided
ASV_2989,Eukaryota,TSAR,Alveolata,Ciliophora,Phyllopharyngea,Cyrtophoria_1,PHYLL_4,PHYLL4,Eukaryota;TSAR;Alveolata;Ciliophora;Phyllopharyngea;Cyrtophoria_1;PHYLL_4;PHYLL_4_X;PHYLL_4_X_sp.;,not_provided
ASV_4763,Eukaryota,TSAR,Stramenopiles,Gyrista,Chrysophyceae,Paraphysomonadales,Paraphysomonadales_Clade-EC1Ga,ParaphysomonadalesClade-EC1Ga,Eukaryota;TSAR;Stramenopiles;Gyrista;Chrysophyceae;Paraphysomonadales;Paraphysomonadales_Clade-EC1Ga;Paraphysomonadales_Clade-EC1Ga_X;Paraphysomonadales_Clade-EC1Ga_X_sp.;,not_provided
ASV_2239,Eukaryota,Stramenopiles,Ochrophyta,Bolidophyceae,Parmales,Parmales_X,Parmales_XX,Parmales,"Eukaryota,d:Stramenopiles,p:Ochrophyta,c:Bolidophyceae,o:Parmales,f:Parmales_X,g:Parmales_XX,s:Parmales_XX_sp.",not_provided
ASV_12362,TSAR,Eukaryota,Gyrista,Bolidophyceae,Parmales,Parmales_env_1,Parmales_env_1_X,Parmalesenv1,not_provided,Stramenopiles
ASV_748,Eukaryota,TSAR,Stramenopiles,Gyrista,Bolidophyceae,Parmales,Parmales_env_2,Parmalesenv2,Eukaryota;TSAR;Stramenopiles;Gyrista;Bolidophyceae;Parmales;Parmales_env_2;Parmales_env_2_X;Parmales_env_2_X_sp.;,not_provided
ASV_1025,Eukaryota,TSAR,Stramenopiles,Gyrista,Bolidophyceae,Parmales,Parmales_env_3,Parmalesenv3,Eukaryota;TSAR;Stramenopiles;Gyrista;Bolidophyceae;Parmales;Parmales_env_3;Parmales_env_3_X;Parmales_env_3_X_sp.;,not_provided
ASV_1452,Eukaryota,TSAR,Stramenopiles,Gyrista,Dictyochophyceae,Dictyochophyceae_X,Pedinellales,Pedinellales,Eukaryota;TSAR;Stramenopiles;Gyrista;Dictyochophyceae;Dictyochophyceae_X;Pedinellales;Pedinellales_X;Pedinellales_X_sp.;,not_provided
ASV_10457,TSAR,Eukaryota,Gyrista,Pelagophyceae,Pelagomonadales,Pelagomonadales_clade_A,Pelagomonadales_clade_A_X,PelagomonadalescladeA,not_provided,Stramenopiles
ASV_5391,Eukaryota,Stramenopiles,Ochrophyta,Pelagophyceae,Pelagophyceae_X,Pelagophyceae_XX,Pelagophyceae_XXX,Pelagophyceae,"Eukaryota,d:Stramenopiles,p:Ochrophyta,c:Pelagophyceae,o:Pelagophyceae_X,f:Pelagophyceae_XX,g:Pelagophyceae_XXX,s:Pelagophyceae_XXX_sp.",not_provided
ASV_10729,TSAR,Eukaryota,Perkinsea,Perkinsida,Perkinsida_X,Perkinsida_XX,Perkinsida_XXX,Perkinsida,not_provided,Alveolata
ASV_12875,TSAR,Eukaryota,Gyrista,Peronosporomycetes,Peronosporomycetes_X,Peronosporales,Peronosporales_X,Peronosporales,not_provided,Stramenopiles
ASV_5430,Eukaryota,TSAR,Stramenopiles,Gyrista,Peronosporomycetes,Peronosporomycetes_X,Peronosporomycetes_XX,Peronosporomycetes,Eukaryota;TSAR;Stramenopiles;Gyrista;Peronosporomycetes;Peronosporomycetes_X;Peronosporomycetes_XX;Peronosporomycetes_XXX;Peronosporomycetes_XXX_sp.;,not_provided
ASV_14211,TSAR,Eukaryota,Gyrista,Phaeophyceae,Phaeophyceae_X,Phaeophyceae_XX,Phaeophyceae_XXX,Phaeophyceae,not_provided,Stramenopiles
ASV_3002,Eukaryota,Alveolata,Ciliophora,Oligohymenophorea,Scuticociliatia_1,Philasterida,Philasterida_X,Philasterida,"Eukaryota,d:Alveolata,p:Ciliophora,c:Oligohymenophorea,o:Scuticociliatia_1,f:Philasterida,g:Philasterida_X,s:Philasterida_X_sp.",not_provided
ASV_134,Eukaryota,Archaeplastida,Picozoa,Picozoa_X,Picozoa_XX,Picozoa_XXX,Picozoa_XXXX,Picozoa,Eukaryota;Archaeplastida;Picozoa;Picozoa_X;Picozoa_XX;Picozoa_XXX;Picozoa_XXXX;Picozoa_XXXXX;Picozoa_XXXXX_sp.;,not_provided
ASV_8412,Eukaryota,Stramenopiles,Pseudofungi,Pirsonia_Clade,Pirsonia_Clade_X,Pirsonia_Clade_XX,Pirsonia_Clade__XXX,PirsoniaClade,"Eukaryota,d:Stramenopiles,p:Pseudofungi,c:Pirsonia_Clade,o:Pirsonia_Clade_X,f:Pirsonia_Clade_XX,g:Pirsonia_Clade__XXX,s:Pirsonia_Clade__XXX_sp.",not_provided
ASV_13244,TSAR,Eukaryota,Ciliophora,Litostomatea,Haptoria_5,Pleurostomatida,Pleurostomatida_X,Pleurostomatida,not_provided,Alveolata
ASV_824,Eukaryota,Stramenopiles,Ochrophyta,Bacillariophyta,Bacillariophyta_X,Polar-centric-Mediophyceae,Polar-centric-Mediophyceae_X,Polar-centric-Mediophyceae,"Eukaryota,d:Stramenopiles,p:Ochrophyta,c:Bacillariophyta,o:Bacillariophyta_X,f:Polar-centric-Mediophyceae,g:Polar-centric-Mediophyceae_X,s:Polar-centric-Mediophyceae_X_sp.",not_provided
ASV_478,Eukaryota,TSAR,Alveolata,Apicomplexa,Gregarinomorphea,Eugregarinorida,Porosporidae,Porosporidae,Eukaryota;TSAR;Alveolata;Apicomplexa;Gregarinomorphea;Eugregarinorida;Porosporidae;Porosporidae_X;Porosporidae_X_sp.;,not_provided
ASV_12317,Archaeplastida,Eukaryota,Chlorophyta_X,Prasino-Clade-9,Prasino-Clade-9_X,Prasino-Clade-9_XX,Prasino-Clade-9_XXX,Prasino-Clade-9,not_provided,Chlorophyta
ASV_11234,Archaeplastida,Eukaryota,Chlorophyta_X,Prasino-Clade-VIII,Prasino-Clade-VIII_X,Prasino-Clade-VIII_XX,Prasino-Clade-VIII_XXX,Prasino-Clade-VIII,not_provided,Chlorophyta
ASV_1337,Eukaryota,Archaeplastida,Prasinodermophyta,Prasinodermophyta_X,Prasinodermophyceae,Prasinodermales,Prasinodermaceae,Prasinodermaceae,Eukaryota;Archaeplastida;Prasinodermophyta;Prasinodermophyta_X;Prasinodermophyceae;Prasinodermales;Prasinodermaceae;Prasinodermaceae_X;Prasinodermaceae_X_sp.;,not_provided
ASV_234,Eukaryota,TSAR,Rhizaria,Cercozoa,Filosa-Thecofilosea,Cryomonadida,Protaspa-lineage,Protaspa,Eukaryota;TSAR;Rhizaria;Cercozoa;Filosa-Thecofilosea;Cryomonadida;Protaspa-lineage;Protaspa-lineage_X;Protaspa-lineage_X_sp.;,not_provided
ASV_8540,Eukaryota,Hacrobia,Haptophyta,Prymnesiophyceae,Prymnesiales,Prymnesiaceae,Prymnesiaceae_X,Prymnesiaceae,"Eukaryota,d:Hacrobia,p:Haptophyta,c:Prymnesiophyceae,o:Prymnesiales,f:Prymnesiaceae,g:Prymnesiaceae_X,s:Prymnesiaceae_X_sp.",not_provided
ASV_5720,Eukaryota,Hacrobia,Haptophyta,Prymnesiophyceae,Prymnesiophyceae_X,Prymnesiophyceae_XX,Prymnesiophyceae_XXX,Prymnesiophyceae,"Eukaryota,d:Hacrobia,p:Haptophyta,c:Prymnesiophyceae,o:Prymnesiophyceae_X,f:Prymnesiophyceae_XX,g:Prymnesiophyceae_XXX,s:Prymnesiophyceae_XXX_sp.",not_provided
ASV_3415,Eukaryota,Hacrobia,Haptophyta,Prymnesiophyceae,Prymnesiales,Prymnesiophyceae_Clade_B3,Prymnesiophyceae_Clade_B3_X,PrymnesiophyceaeCladeB3,"Eukaryota,d:Hacrobia,p:Haptophyta,c:Prymnesiophyceae,o:Prymnesiales,f:Prymnesiophyceae_Clade_B3,g:Prymnesiophyceae_Clade_B3_X,s:Prymnesiophyceae_Clade_B3_X_sp.",not_provided
ASV_6956,Eukaryota,Hacrobia,Haptophyta,Prymnesiophyceae,Prymnesiales,Prymnesiophyceae_Clade_B4,Prymnesiophyceae_Clade_B4_X,PrymnesiophyceaeCladeB4,"Eukaryota,d:Hacrobia,p:Haptophyta,c:Prymnesiophyceae,o:Prymnesiales,f:Prymnesiophyceae_Clade_B4,g:Prymnesiophyceae_Clade_B4_X,s:Prymnesiophyceae_Clade_B4_X_sp.",not_provided
ASV_5813,Eukaryota,Haptista,Haptophyta,Haptophyta_X,Prymnesiophyceae,Prymnesiales,Prymnesiophyceae_Clade_B5,PrymnesiophyceaeCladeB5,Eukaryota;Haptista;Haptophyta;Haptophyta_X;Prymnesiophyceae;Prymnesiales;Prymnesiophyceae_Clade_B5;Prymnesiophyceae_Clade_B5_X;Prymnesiophyceae_Clade_B5_X_sp.;,not_provided
ASV_330,Eukaryota,Haptista,Haptophyta,Haptophyta_X,Prymnesiophyceae,Prymnesiophyceae_Clade_D,Prymnesiophyceae_Clade_D_X,PrymnesiophyceaeCladeD,Eukaryota;Haptista;Haptophyta;Haptophyta_X;Prymnesiophyceae;Prymnesiophyceae_Clade_D;Prymnesiophyceae_Clade_D_X;Prymnesiophyceae_Clade_D_XX;Prymnesiophyceae_Clade_D_XX_sp.;,not_provided
ASV_11773,Haptista,Eukaryota,Haptophyta_X,Prymnesiophyceae,Prymnesiophyceae_Clade_E,Prymnesiophyceae_Clade_E_X,Prymnesiophyceae_Clade_E_XX,PrymnesiophyceaeCladeE,not_provided,Haptophyta
ASV_7603,Eukaryota,Hacrobia,Haptophyta,Prymnesiophyceae,Prymnesiophyceae_Clade_F,Prymnesiophyceae_Clade_F_X,Prymnesiophyceae_Clade_F_XX,PrymnesiophyceaeCladeF,"Eukaryota,d:Hacrobia,p:Haptophyta,c:Prymnesiophyceae,o:Prymnesiophyceae_Clade_F,f:Prymnesiophyceae_Clade_F_X,g:Prymnesiophyceae_Clade_F_XX,s:Prymnesiophyceae_Clade_F_XX_sp.",not_provided
ASV_13280,TSAR,Eukaryota,Bigyra,Bicoecea,Pseudodendromonadales,Pseudodendromonadales_X,Pseudodendromonadales_XX,Pseudodendromonadales,not_provided,Stramenopiles
ASV_14356,Obazoa,Eukaryota,Ichthyosporea,Ichthyophonida,Pseudoperkinsidae,Pseudoperkinsidae_X,Pseudoperkinsidae_XX,Pseudoperkinsidae,not_provided,Opisthokonta
ASV_1391,Eukaryota,Haptista,Centroplasthelida,Centroplasthelida_X,Pterocystida,Pterocystida_X,Pterocystida_XX,Pterocystida,Eukaryota;Haptista;Centroplasthelida;Centroplasthelida_X;Pterocystida;Pterocystida_X;Pterocystida_XX;Pterocystida_XXX;Pterocystida_XXX_sp.;,not_provided
ASV_6294,Eukaryota,Obazoa,Opisthokonta,Fungi,Basidiomycota,Pucciniomycotina,Pucciniomycetes,Pucciniomycetes,Eukaryota;Obazoa;Opisthokonta;Fungi;Basidiomycota;Pucciniomycotina;Pucciniomycetes;Pucciniomycetes_X;Pucciniomycetes_X_sp.;,not_provided
ASV_11359,Archaeplastida,Eukaryota,Chlorophyta_X,Pyramimonadophyceae,Pseudoscourfieldiales,Pycnococcaceae,Pycnococcaceae_X,Pycnococcaceae,not_provided,Chlorophyta
ASV_10700,Archaeplastida,Eukaryota,Chlorophyta_X,Pyramimonadophyceae,Pyramimonadales,Pyramimonadales_X,Pyramimonadales_XX,Pyramimonadales,not_provided,Chlorophyta
ASV_12763,TSAR,Eukaryota,Radiolaria,RAD-A,RAD-A_X,RAD-A_Xa,RAD-A_Xa_X,RAD-Aa,not_provided,Rhizaria
ASV_14327,TSAR,Eukaryota,Radiolaria,RAD-A,RAD-A_X,RAD-A_Xb,RAD-A_Xb_X,RAD-Ab,not_provided,Rhizaria
ASV_12611,TSAR,Eukaryota,Radiolaria,RAD-A,RAD-A_X,RAD-A_Xf,RAD-A_Xf_c,RAD-Afcsp.,not_provided,Rhizaria
ASV_13580,TSAR,Eukaryota,Radiolaria,RAD-B,RAD-B_X,RAD-B_X_Group-IVe,RAD-B_X_Group-IVe_X,RAD-BGroup-IVe,not_provided,Rhizaria
ASV_14135,TSAR,Eukaryota,Radiolaria,RAD-B,RAD-B_X,RAD-B_X_Group-Ie,RAD-B_X_Group-Ie_X,RAD-BGroup-Ie,not_provided,Rhizaria
ASV_14064,TSAR,Eukaryota,Radiolaria,RAD-C,RAD-C_X,RAD-C_Xb,RAD-C_Xb_X,RAD-Cb,not_provided,Rhizaria
ASV_2482,Eukaryota,Stramenopiles,Ochrophyta,Bacillariophyta,Bacillariophyta_X,Radial-centric-basal-Coscinodiscophyceae,Radial-centric-basal-Coscinodiscophyceae_X,Radial-centric-basal-Coscinodiscophyceae,"Eukaryota,d:Stramenopiles,p:Ochrophyta,c:Bacillariophyta,o:Bacillariophyta_X,f:Radial-centric-basal-Coscinodiscophyceae,g:Radial-centric-basal-Coscinodiscophyceae_X,s:Radial-centric-basal-Coscinodiscophyceae_X_sp.",not_provided
ASV_2171,Eukaryota,Stramenopiles,Ochrophyta,Bacillariophyta,Bacillariophyta_X,Raphid-pennate,Raphid-pennate_X,Raphid-pennate,"Eukaryota,d:Stramenopiles,p:Ochrophyta,c:Bacillariophyta,o:Bacillariophyta_X,f:Raphid-pennate,g:Raphid-pennate_X,s:Raphid-pennate_X_sp.",not_provided
ASV_8616,Eukaryota,Stramenopiles,Ochrophyta,Raphidophyceae,Raphidophyceae_X,Raphidophyceae_XX,Raphidophyceae_XXX,Raphidophyceae,"Eukaryota,d:Stramenopiles,p:Ochrophyta,c:Raphidophyceae,o:Raphidophyceae_X,f:Raphidophyceae_XX,g:Raphidophyceae_XXX,s:Raphidophyceae_XXX_sp.",not_provided
ASV_10384,Obazoa,Eukaryota,Fungi,Chytridiomycota,Rhizophydiales,Rhizophydiales_X,Rhizophydiales_XX,Rhizophydiales,not_provided,Opisthokonta
ASV_7410,Eukaryota,Rhizaria,Cercozoa,Filosa-Thecofilosea,Cryomonadida,Rhogostoma-lineage,Rhogostoma-lineage_X,Rhogostoma,"Eukaryota,d:Rhizaria,p:Cercozoa,c:Filosa-Thecofilosea,o:Cryomonadida,f:Rhogostoma-lineage,g:Rhogostoma-lineage_X,s:Rhogostoma-lineage_X_sp.",not_provided
ASV_6893,Eukaryota,Opisthokonta,Fungi,Chytridiomycota,Chytridiomycotina,Chytridiomycetes,Rhyzophidiales_X,Rhyzophidiales,"Eukaryota,d:Opisthokonta,p:Fungi,c:Chytridiomycota,o:Chytridiomycotina,f:Chytridiomycetes,g:Rhyzophidiales_X,s:Rhyzophidiales_X_sp.",not_provided
ASV_2365,Eukaryota,Obazoa,Opisthokonta,Metazoa,Rotifera,Rotifera_X,Rotifera_XX,Rotifera,Eukaryota;Obazoa;Opisthokonta;Metazoa;Rotifera;Rotifera_X;Rotifera_XX;Rotifera_XXX;Rotifera_XXX_sp.;,not_provided
ASV_10607,Obazoa,Eukaryota,Fungi,Rozellomycota,Rozellomycota_X,Rozellomycota_XX,Rozellomycota_XXX,Rozellomycota,not_provided,Opisthokonta
ASV_3515,Eukaryota,Alveolata,Ciliophora,Oligohymenophorea,Peritrichia_2,Sessilida,Sessilida_X,Sessilida,"Eukaryota,d:Alveolata,p:Ciliophora,c:Oligohymenophorea,o:Peritrichia_2,f:Sessilida,g:Sessilida_X,s:Sessilida_X_sp.",not_provided
ASV_6454,Eukaryota,TSAR,Rhizaria,Cercozoa,Endomyxa,Vampyrellida,Sey055-lineage,Sey055,Eukaryota;TSAR;Rhizaria;Cercozoa;Endomyxa;Vampyrellida;Sey055-lineage;Sey055-lineage_X;Sey055-lineage_X_sp.;,not_provided
ASV_1327,Eukaryota,Obazoa,Opisthokonta,Fungi,Chytridiomycota,Spizellomycetales,Spizellomycetales_X,Spizellomycetales,Eukaryota;Obazoa;Opisthokonta;Fungi;Chytridiomycota;Spizellomycetales;Spizellomycetales_X;Spizellomycetales_XX;Spizellomycetales_XX_sp.;,not_provided
ASV_13510,TSAR,Eukaryota,Radiolaria,Polycystinea,Spumellaria,Spumellaria_1,Spumellaria_1_X,Spumellaria1,not_provided,Rhizaria
ASV_285,Eukaryota,Obazoa,Opisthokonta,Choanoflagellata,Choanoflagellatea,Acanthoecida,Stephanoecidae_Group_D,StephanoecidaeGroupD,Eukaryota;Obazoa;Opisthokonta;Choanoflagellata;Choanoflagellatea;Acanthoecida;Stephanoecidae_Group_D;Stephanoecidae_Group_D_X;Stephanoecidae_Group_D_X_sp.;,not_provided
ASV_3609,Eukaryota,Obazoa,Opisthokonta,Choanoflagellata,Choanoflagellatea,Acanthoecida,Stephanoecidae_Group_E,StephanoecidaeGroupE,Eukaryota;Obazoa;Opisthokonta;Choanoflagellata;Choanoflagellatea;Acanthoecida;Stephanoecidae_Group_E;Stephanoecidae_Group_E_X;Stephanoecidae_Group_E_X_sp.;,not_provided
ASV_970,Eukaryota,Obazoa,Opisthokonta,Choanoflagellata,Choanoflagellatea,Acanthoecida,Stephanoecidae_Group_H,StephanoecidaeGroupH,Eukaryota;Obazoa;Opisthokonta;Choanoflagellata;Choanoflagellatea;Acanthoecida;Stephanoecidae_Group_H;Stephanoecidae_Group_H_X;Stephanoecidae_Group_H_X_sp.;,not_provided
ASV_13929,Obazoa,Eukaryota,Choanoflagellata,Choanoflagellatea,Acanthoecida,Stephanoecidae_Group_I,Stephanoecidae_Group_I_X,StephanoecidaeGroupI,not_provided,Opisthokonta
ASV_10258,Obazoa,Eukaryota,Choanoflagellata,Choanoflagellatea,Acanthoecida,Stephanoecidae_New_Choanos_8,Stephanoecidae_New_Choanos_8_X,StephanoecidaeNewChoanos8,not_provided,Opisthokonta
ASV_2188,Eukaryota,Stramenopiles,Stramenopiles_X,Stramenopiles_XX,Stramenopiles_XXX,Stramenopiles_XXXX,Stramenopiles_XXXXX,Stramenopiles,"Eukaryota,d:Stramenopiles,p:Stramenopiles_X,c:Stramenopiles_XX,o:Stramenopiles_XXX,f:Stramenopiles_XXXX,g:Stramenopiles_XXXXX,s:Stramenopiles_XXXXX_sp.",not_provided
ASV_13225,Archaeplastida,Eukaryota,Streptophyta_X,Streptophyta_XX,Streptophyta_XXX,Streptophyta_XXXX,Streptophyta_XXXXX,Streptophyta,not_provided,Streptophyta
ASV_359,Eukaryota,TSAR,Alveolata,Ciliophora,Spirotrichea,Choreotrichida,Strobilidiidae,Strobilidiidae,Eukaryota;TSAR;Alveolata;Ciliophora;Spirotrichea;Choreotrichida;Strobilidiidae;Strobilidiidae_X;Strobilidiidae_X_sp.;,not_provided
ASV_6291,Eukaryota,Alveolata,Ciliophora,Spirotrichea,Choreotrichida,Strobilidiidae_A,Strobilidiidae_A_X,StrobilidiidaeA,"Eukaryota,d:Alveolata,p:Ciliophora,c:Spirotrichea,o:Choreotrichida,f:Strobilidiidae_A,g:Strobilidiidae_A_X,s:Strobilidiidae_A_X_sp.",not_provided
ASV_7546,Eukaryota,Alveolata,Ciliophora,Spirotrichea,Choreotrichida,Strobilidiidae_I,Strobilidiidae_I_X,StrobilidiidaeI,"Eukaryota,d:Alveolata,p:Ciliophora,c:Spirotrichea,o:Choreotrichida,f:Strobilidiidae_I,g:Strobilidiidae_I_X,s:Strobilidiidae_I_X_sp.",not_provided
ASV_2190,Eukaryota,Alveolata,Ciliophora,Spirotrichea,Strombidiida,Strombidiida_X,Strombidiida_XX,Strombidiida,"Eukaryota,d:Alveolata,p:Ciliophora,c:Spirotrichea,o:Strombidiida,f:Strombidiida_X,g:Strombidiida_XX,s:Strombidiida_XX_sp.",not_provided
ASV_3377,Eukaryota,Alveolata,Ciliophora,Spirotrichea,Strombidiida_B,Strombidiida_B_X,Strombidiida_B_XX,StrombidiidaB,"Eukaryota,d:Alveolata,p:Ciliophora,c:Spirotrichea,o:Strombidiida_B,f:Strombidiida_B_X,g:Strombidiida_B_XX,s:Strombidiida_B_XX_sp.",not_provided
ASV_3311,Eukaryota,Alveolata,Ciliophora,Spirotrichea,Strombidiida_F,Strombidiida_F_X,Strombidiida_F_XX,StrombidiidaF,"Eukaryota,d:Alveolata,p:Ciliophora,c:Spirotrichea,o:Strombidiida_F,f:Strombidiida_F_X,g:Strombidiida_F_XX,s:Strombidiida_F_XX_sp.",not_provided
ASV_6303,Eukaryota,Alveolata,Ciliophora,Spirotrichea,Strombidiida_G,Strombidiida_G_X,Strombidiida_G_XX,StrombidiidaG,"Eukaryota,d:Alveolata,p:Ciliophora,c:Spirotrichea,o:Strombidiida_G,f:Strombidiida_G_X,g:Strombidiida_G_XX,s:Strombidiida_G_XX_sp.",not_provided
ASV_268,Eukaryota,TSAR,Alveolata,Ciliophora,Spirotrichea,Oligotrichida,Strombidiidae,Strombidiidae,Eukaryota;TSAR;Alveolata;Ciliophora;Spirotrichea;Oligotrichida;Strombidiidae;Strombidiidae_X;Strombidiidae_X_sp.;,not_provided
ASV_5490,Eukaryota,Alveolata,Ciliophora,Spirotrichea,Strombidiida,Strombidiidae_B,Strombidiidae_B_X,StrombidiidaeB,"Eukaryota,d:Alveolata,p:Ciliophora,c:Spirotrichea,o:Strombidiida,f:Strombidiidae_B,g:Strombidiidae_B_X,s:Strombidiidae_B_X_sp.",not_provided
ASV_5826,Eukaryota,Alveolata,Ciliophora,Spirotrichea,Strombidiida,Strombidiidae_G,Strombidiidae_G_X,StrombidiidaeG,"Eukaryota,d:Alveolata,p:Ciliophora,c:Spirotrichea,o:Strombidiida,f:Strombidiidae_G,g:Strombidiidae_G_X,s:Strombidiidae_G_X_sp.",not_provided
ASV_2177,Eukaryota,Alveolata,Ciliophora,Spirotrichea,Strombidiida,Strombidiidae_H,Strombidiidae_H_X,StrombidiidaeH,"Eukaryota,d:Alveolata,p:Ciliophora,c:Spirotrichea,o:Strombidiida,f:Strombidiidae_H,g:Strombidiidae_H_X,s:Strombidiidae_H_X_sp.",not_provided
ASV_6947,Eukaryota,Alveolata,Ciliophora,Spirotrichea,Strombidiida,Strombidiidae_I,Strombidiidae_I_X,StrombidiidaeI,"Eukaryota,d:Alveolata,p:Ciliophora,c:Spirotrichea,o:Strombidiida,f:Strombidiidae_I,g:Strombidiidae_I_X,s:Strombidiidae_I_X_sp.",not_provided
ASV_3685,Eukaryota,Alveolata,Ciliophora,Spirotrichea,Strombidiida,Strombidiidae_J,Strombidiidae_J_X,StrombidiidaeJ,"Eukaryota,d:Alveolata,p:Ciliophora,c:Spirotrichea,o:Strombidiida,f:Strombidiidae_J,g:Strombidiidae_J_X,s:Strombidiidae_J_X_sp.",not_provided
ASV_8659,Eukaryota,Alveolata,Ciliophora,Spirotrichea,Strombidiida,Strombidiidae_K,Strombidiidae_K_X,StrombidiidaeK,"Eukaryota,d:Alveolata,p:Ciliophora,c:Spirotrichea,o:Strombidiida,f:Strombidiidae_K,g:Strombidiidae_K_X,s:Strombidiidae_K_X_sp.",not_provided
ASV_6978,Eukaryota,Alveolata,Ciliophora,Spirotrichea,Strombidiida,Strombidiidae_L,Strombidiidae_L_X,StrombidiidaeL,"Eukaryota,d:Alveolata,p:Ciliophora,c:Spirotrichea,o:Strombidiida,f:Strombidiidae_L,g:Strombidiidae_L_X,s:Strombidiidae_L_X_sp.",not_provided
ASV_6910,Eukaryota,Alveolata,Ciliophora,Spirotrichea,Strombidiida,Strombidiidae_M,Strombidiidae_M_X,StrombidiidaeM,"Eukaryota,d:Alveolata,p:Ciliophora,c:Spirotrichea,o:Strombidiida,f:Strombidiidae_M,g:Strombidiidae_M_X,s:Strombidiidae_M_X_sp.",not_provided
ASV_5662,Eukaryota,Alveolata,Ciliophora,Spirotrichea,Strombidiida,Strombidiidae_P,Strombidiidae_P_X,StrombidiidaeP,"Eukaryota,d:Alveolata,p:Ciliophora,c:Spirotrichea,o:Strombidiida,f:Strombidiidae_P,g:Strombidiidae_P_X,s:Strombidiidae_P_X_sp.",not_provided
ASV_13263,TSAR,Eukaryota,Ciliophora,Phyllopharyngea,Suctoria,Suctoria_X,Suctoria_XX,Suctoria,not_provided,Alveolata
ASV_3139,Eukaryota,Alveolata,Dinoflagellata,Dinophyceae,Suessiales,Suessiales_X,Suessiales_XX,Suessiales,"Eukaryota,d:Alveolata,p:Dinoflagellata,c:Dinophyceae,o:Suessiales,f:Suessiales_X,g:Suessiales_XX,s:Suessiales_XX_sp.",not_provided
ASV_572,Eukaryota,TSAR,Alveolata,Dinoflagellata,Syndiniales,Syndiniales_X,Syndiniales_XX,Syndiniales,Eukaryota;TSAR;Alveolata;Dinoflagellata;Syndiniales;Syndiniales_X;Syndiniales_XX;Syndiniales_XXX;Syndiniales_XXX_sp.;,not_provided
ASV_5601,Eukaryota,Hacrobia,Haptophyta,Prymnesiophyceae,Syracosphaerales,Syracosphaerales_X,Syracosphaerales_XX,Syracosphaerales,"Eukaryota,d:Hacrobia,p:Haptophyta,c:Prymnesiophyceae,o:Syracosphaerales,f:Syracosphaerales_X,g:Syracosphaerales_XX,s:Syracosphaerales_XX_sp.",not_provided
ASV_691,Eukaryota,Rhizaria,Cercozoa,Filosa-Thecofilosea,Ebriida,TAGIRI1-lineage,TAGIRI1-lineage_X,TAGIRI1,"Eukaryota,d:Rhizaria,p:Cercozoa,c:Filosa-Thecofilosea,o:Ebriida,f:TAGIRI1-lineage,g:TAGIRI1-lineage_X,s:TAGIRI1-lineage_X_sp.",not_provided
ASV_238,Eukaryota,TSAR,Telonemia,Telonemia_X,Telonemia_XX,Telonemia_XXX,Telonemia-Group-2,Telonemia,Eukaryota;TSAR;Telonemia;Telonemia_X;Telonemia_XX;Telonemia_XXX;Telonemia-Group-2;Telonemia-Group-2_X;Telonemia-Group-2_X_sp.;,not_provided
ASV_1857,Eukaryota,TSAR,Rhizaria,Cercozoa,Filosa-Imbricatea,Thaumatomonadida,Thaumatomonadida_X,Thaumatomonadida,Eukaryota;TSAR;Rhizaria;Cercozoa;Filosa-Imbricatea;Thaumatomonadida;Thaumatomonadida_X;Thaumatomonadida_XX;Thaumatomonadida_XX_sp.;,not_provided
ASV_548,Eukaryota,Alveolata,Dinoflagellata,Dinophyceae,Peridiniales,Thoracosphaeraceae,Thoracosphaeraceae_X,Thoracosphaeraceae,"Eukaryota,d:Alveolata,p:Dinoflagellata,c:Dinophyceae,o:Peridiniales,f:Thoracosphaeraceae,g:Thoracosphaeraceae_X,s:Thoracosphaeraceae_X_sp.",not_provided
ASV_2111,Eukaryota,Stramenopiles,Sagenista,Labyrinthulomycetes,Thraustochytriales,Thraustochytriaceae,Thraustochytriaceae_X,Thraustochytriaceae,"Eukaryota,d:Stramenopiles,p:Sagenista,c:Labyrinthulomycetes,o:Thraustochytriales,f:Thraustochytriaceae,g:Thraustochytriaceae_X,s:Thraustochytriaceae_X_sp.",not_provided
ASV_786,Eukaryota,TSAR,Alveolata,Ciliophora,Spirotrichea,Choreotrichida-Tintinnina,Tintinnidae,Tintinnidae,Eukaryota;TSAR;Alveolata;Ciliophora;Spirotrichea;Choreotrichida-Tintinnina;Tintinnidae;Tintinnidae_X;Tintinnidae_X_sp.;,not_provided
ASV_3887,Eukaryota,Alveolata,Ciliophora,Spirotrichea,Strombidiida,Tontoniidae_B,Tontoniidae_B_X,TontoniidaeB,"Eukaryota,d:Alveolata,p:Ciliophora,c:Spirotrichea,o:Strombidiida,f:Tontoniidae_B,g:Tontoniidae_B_X,s:Tontoniidae_B_X_sp.",not_provided
ASV_5236,Eukaryota,Obazoa,Opisthokonta,Fungi,Basidiomycota,Agaricomycotina,Tremellomycetes,Tremellomycetes,Eukaryota;Obazoa;Opisthokonta;Fungi;Basidiomycota;Agaricomycotina;Tremellomycetes;Tremellomycetes_X;Tremellomycetes_X_sp.;,not_provided
ASV_2689,Eukaryota,Alveolata,Ciliophora,Spirotrichea,Tintinnida,Undellidae,Undellidae_X,Undellidae,"Eukaryota,d:Alveolata,p:Ciliophora,c:Spirotrichea,o:Tintinnida,f:Undellidae,g:Undellidae_X,s:Undellidae_X_sp.",not_provided
ASV_14011,TSAR,Eukaryota,Ciliophora,Oligohymenophorea,Peritrichia_2,Vaginicolidae,Vaginicolidae_X,Vaginicolidae,not_provided,Alveolata
ASV_13189,TSAR,Eukaryota,Cercozoa,Endomyxa,Vampyrellida,Vampyrellida_X,Vampyrellida_XX,Vampyrellida,not_provided,Rhizaria
ASV_10444,TSAR,Eukaryota,Cercozoa,Filosa-Thecofilosea,Ventricleftida,Ventricleftida_X,Ventricleftida_XX,Ventricleftida,not_provided,Rhizaria
ASV_829,Eukaryota,TSAR,Rhizaria,Cercozoa,Filosa-Thecofilosea,Ventricleftida,Ventrifissuridae,Ventrifissuridae,Eukaryota;TSAR;Rhizaria;Cercozoa;Filosa-Thecofilosea;Ventricleftida;Ventrifissuridae;Ventrifissuridae_X;Ventrifissuridae_X_sp.;,not_provided
ASV_14497,TSAR,Eukaryota,Ciliophora,Spirotrichea,Choreotrichida-Tintinnina,Xystonellidae,Xystonella,Xystonellalongicauda,not_provided,Alveolata
ASV_2321,Eukaryota,Alveolata,Ciliophora,Spirotrichea,Tintinnida,Xystonellidae,Xystonellidae_X,Xystonellidae,"Eukaryota,d:Alveolata,p:Ciliophora,c:Spirotrichea,o:Tintinnida,f:Xystonellidae,g:Xystonellidae_X,s:Xystonellidae_X_sp.",not_provided
